precinct_id,county,precinct_name,precinct_number,ward,polling_location_ids,source,INTERNAL_notes
330010001,ADA,1701,1701,,440010001,Idaho Elections Division,
330010002,ADA,1919,1919,,440010002,Idaho Elections Division,
330010003,ADA,1920,1920,,440010002,Idaho Elections Division,
330010004,ADA,1902,1902,,440010003,Idaho Elections Division,
330010005,ADA,1804,1804,,440010004,Idaho Elections Division,
330010006,ADA,2113,2113,,440010005,Idaho Elections Division,
330010007,ADA,2105,2105,,440010006,Idaho Elections Division,
330010008,ADA,1504,1504,,440010007,Idaho Elections Division,
330010009,ADA,1918,1918,,440010008,Idaho Elections Division,
330010010,ADA,1803,1803,,440010009,Idaho Elections Division,
330010011,ADA,2109,2109,,440010009,Idaho Elections Division,
330010012,ADA,1916,1916,,440010010,Idaho Elections Division,
330010013,ADA,1704,1704,,440010011,Idaho Elections Division,
330010014,ADA,1808,1808,,440010012,Idaho Elections Division,
330010015,ADA,1812,1812,,440010012,Idaho Elections Division,
330010016,ADA,1609,1609,,440010013,Idaho Elections Division,
330010017,ADA,1914,1914,,440010014,Idaho Elections Division,
330010018,ADA,1515,1515,,440010015,Idaho Elections Division,
330010019,ADA,2115,2115,,440010016,Idaho Elections Division,
330010020,ADA,2107,2107,,440010017,Idaho Elections Division,
330010021,ADA,2011,2011,,440010018,Idaho Elections Division,
330010022,ADA,2013,2013,,440010018,Idaho Elections Division,
330010023,ADA,1604,1604,,440010019,Idaho Elections Division,
330010024,ADA,1602,1602,,440010020,Idaho Elections Division,
330010025,ADA,1503,1503,,440010021,Idaho Elections Division,
330010026,ADA,1506,1506,,440010021,Idaho Elections Division,
330010027,ADA,1603,1603,,440010022,Idaho Elections Division,
330010028,ADA,2116,2116,,440010023,Idaho Elections Division,
330010029,ADA,1816,1816,,440010024,Idaho Elections Division,
330010030,ADA,1711,1711,,440010025,Idaho Elections Division,
330010031,ADA,1507,1507,,440010026,Idaho Elections Division,
330010032,ADA,1505,1505,,440010027,Idaho Elections Division,
330010033,ADA,1712,1712,,440010028,Idaho Elections Division,
330010034,ADA,1807,1807,,440010029,Idaho Elections Division,
330010035,ADA,1705,1705,,440010030,Idaho Elections Division,
330010036,ADA,1901,1901,,440010031,Idaho Elections Division,
330010037,ADA,1909,1909,,440010032,Idaho Elections Division,
330010038,ADA,1713,1713,,440010033,Idaho Elections Division,
330010039,ADA,1908,1908,,440010034,Idaho Elections Division,
330010040,ADA,1610,1610,,440010035,Idaho Elections Division,
330010041,ADA,1513,1513,,440010036,Idaho Elections Division,
330010042,ADA,1606,1606,,440010037,Idaho Elections Division,
330010043,ADA,1817,1817,,440010038,Idaho Elections Division,
330010044,ADA,1702,1702,,440010039,Idaho Elections Division,
330010045,ADA,1708,1708,,440010040,Idaho Elections Division,
330010046,ADA,1502,1502,,440010041,Idaho Elections Division,
330010047,ADA,1615,1615,,440010042,Idaho Elections Division,
330010048,ADA,2112,2112,,440010043,Idaho Elections Division,
330010049,ADA,2111,2111,,440010044,Idaho Elections Division,
330010050,ADA,1613,1613,,440010045,Idaho Elections Division,
330010051,ADA,1818,1818,,440010046,Idaho Elections Division,
330010052,ADA,1811,1811,,440010047,Idaho Elections Division,
330010053,ADA,1910,1910,,440010048,Idaho Elections Division,
330010054,ADA,1911,1911,,440010049,Idaho Elections Division,
330010055,ADA,1501,1501,,440010050,Idaho Elections Division,
330010056,ADA,1913,1913,,440010051,Idaho Elections Division,
330010057,ADA,1707,1707,,440010052,Idaho Elections Division,
330010058,ADA,1612,1612,,440010053,Idaho Elections Division,
330010059,ADA,1611,1611,,440010054,Idaho Elections Division,
330010060,ADA,1510,1510,,440010055,Idaho Elections Division,
330010061,ADA,1511,1511,,440010055,Idaho Elections Division,
330010062,ADA,1801,1801,,440010056,Idaho Elections Division,
330010063,ADA,1802,1802,,440010056,Idaho Elections Division,
330010064,ADA,1703,1703,,440010057,Idaho Elections Division,
330010065,ADA,1912,1912,,440010058,Idaho Elections Division,
330010066,ADA,1714,1714,,440010059,Idaho Elections Division,
330010067,ADA,1809,1809,,440010060,Idaho Elections Division,
330010068,ADA,2104,2104,,440010061,Idaho Elections Division,
330010069,ADA,1906,1906,,440010062,Idaho Elections Division,
330010070,ADA,1907,1907,,440010062,Idaho Elections Division,
330010071,ADA,1706,1706,,440010063,Idaho Elections Division,
330010072,ADA,1905,1905,,440010064,Idaho Elections Division,
330010073,ADA,1810,1810,,440010065,Idaho Elections Division,
330010074,ADA,1903,1903,,440010066,Idaho Elections Division,
330010075,ADA,1917,1917,,440010067,Idaho Elections Division,
330010076,ADA,1904,1904,,440010068,Idaho Elections Division,
330010077,ADA,2108,2108,,440010069,Idaho Elections Division,
330010078,ADA,2114,2114,,440010070,Idaho Elections Division,
330010079,ADA,1709,1709,,440010071,Idaho Elections Division,
330010080,ADA,1514,1514,,440010072,Idaho Elections Division,
330010081,ADA,1614,1614,,440010073,Idaho Elections Division,
330010082,ADA,1508,1508,,440010074,Idaho Elections Division,
330010083,ADA,1605,1605,,440010075,Idaho Elections Division,
330010084,ADA,1814,1814,,440010076,Idaho Elections Division,
330010085,ADA,1815,1815,,440010077,Idaho Elections Division,
330010086,ADA,1710,1710,,440010078,Idaho Elections Division,
330010087,ADA,2002,2002,,440010079,Idaho Elections Division,
330010088,ADA,2006,2006,,440010079,Idaho Elections Division,
330010089,ADA,1509,1509,,440010080,Idaho Elections Division,
330010090,ADA,1813,1813,,440010081,Idaho Elections Division,
330010091,ADA,1715,1715,,440010082,Idaho Elections Division,
330010092,ADA,1915,1915,,440010083,Idaho Elections Division,
330010093,ADA,1805,1805,,440010084,Idaho Elections Division,
330010094,ADA,1806,1806,,440010084,Idaho Elections Division,
330010095,ADA,1415,1415,,440010085,Idaho Elections Division,
330010096,ADA,1411,1411,,440010086,Idaho Elections Division,
330010097,ADA,1407,1407,,440010087,Idaho Elections Division,
330010098,ADA,1416,1416,,440010088,Idaho Elections Division,
330010099,ADA,1406,1406,,440010089,Idaho Elections Division,
330010100,ADA,1408,1408,,440010090,Idaho Elections Division,
330010101,ADA,1402,1402,,440010091,Idaho Elections Division,
330010102,ADA,1410,1410,,440010092,Idaho Elections Division,
330010103,ADA,1403,1403,,440010093,Idaho Elections Division,
330010104,ADA,1409,1409,,440010094,Idaho Elections Division,
330010105,ADA,1607,1607,,440010095,Idaho Elections Division,
330010106,ADA,1601,1601,,440010096,Idaho Elections Division,
330010107,ADA,1608,1608,,440010097,Idaho Elections Division,
330010108,ADA,2207,2207,,440010098,Idaho Elections Division,
330010109,ADA,2211,2211,,440010099,Idaho Elections Division,
330010110,ADA,2209,2209,,440010100,Idaho Elections Division,
330010111,ADA,2210,2210,,440010101,Idaho Elections Division,
330010112,ADA,2212,2212,,440010102,Idaho Elections Division,
330010113,ADA,2208,2208,,440010103,Idaho Elections Division,
330010114,ADA,2213,2213,,440010104,Idaho Elections Division,
330010115,ADA,2202,2202,,440010105,Idaho Elections Division,
330010116,ADA,2201,2201,,440010106,Idaho Elections Division,
330010117,ADA,2009,2009,,440010107,Idaho Elections Division,
330010118,ADA,2001,2001,,440010108,Idaho Elections Division,
330010119,ADA,2003,2003,,440010109,Idaho Elections Division,
330010120,ADA,2103,2103,,440010110,Idaho Elections Division,
330010121,ADA,1512,1512,,440010111,Idaho Elections Division,
330010122,ADA,2007,2007,,440010112,Idaho Elections Division,
330010123,ADA,2110,2110,,440010113,Idaho Elections Division,
330010124,ADA,1419,1419,,440010114,Idaho Elections Division,
330010125,ADA,2012,2012,,440010115,Idaho Elections Division,
330010126,ADA,2008,2008,,440010116,Idaho Elections Division,
330010127,ADA,2203,2203,,440010117,Idaho Elections Division,
330010128,ADA,1417,1417,,440010118,Idaho Elections Division,
330010129,ADA,2102,2102,,440010119,Idaho Elections Division,
330010130,ADA,1413,1413,,440010120,Idaho Elections Division,
330010131,ADA,2204,2204,,440010121,Idaho Elections Division,
330010132,ADA,1418,1418,,440010122,Idaho Elections Division,
330010133,ADA,2005,2005,,440010123,Idaho Elections Division,
330010134,ADA,2010,2010,,440010124,Idaho Elections Division,
330010135,ADA,1414,1414,,440010125,Idaho Elections Division,
330010136,ADA,2004,2004,,440010126,Idaho Elections Division,
330010137,ADA,2106,2106,,440010127,Idaho Elections Division,
330010138,ADA,2214,2214,,440010128,Idaho Elections Division,
330010139,ADA,2101,2101,,440010129,Idaho Elections Division,
330010140,ADA,2205,2205,,440010130,Idaho Elections Division,
330010141,ADA,2206,2206,,440010130,Idaho Elections Division,
330010142,ADA,1412,1412,,440010131,Idaho Elections Division,
330010143,ADA,1404,1404,,440010132,Idaho Elections Division,
330010144,ADA,1401,1401,,440010133,Idaho Elections Division,
330010145,ADA,1405,1405,,440010134,Idaho Elections Division,
330030001,ADAMS,4,4,,440030001,Idaho Elections Division,
330030002,ADAMS,2,2,,440030002,Idaho Elections Division,
330030003,ADAMS,3,3,,440030003,Idaho Elections Division,
330030004,ADAMS,1,1,,440030004,Idaho Elections Division,
330030005,ADAMS,6,6,,440030005,Idaho Elections Division,
330030006,ADAMS,5,5,,440030006,Idaho Elections Division,
330050001,BANNOCK,61,61,,440050001,Idaho Elections Division,
330050002,BANNOCK,55,55,,440050002,Idaho Elections Division,
330050003,BANNOCK,56,56,,440050002,Idaho Elections Division,
330050004,BANNOCK,51,51,,440050003,Idaho Elections Division,
330050005,BANNOCK,52,52,,440050003,Idaho Elections Division,
330050006,BANNOCK,53,53,,440050004,Idaho Elections Division,
330050007,BANNOCK,58,58,,440050004,Idaho Elections Division,
330050008,BANNOCK,50,50,,440050005,Idaho Elections Division,
330050009,BANNOCK,54,54,,440050005,Idaho Elections Division,
330050010,BANNOCK,62,62,,440050006,Idaho Elections Division,
330050011,BANNOCK,63,63,,440050007,Idaho Elections Division,
330050012,BANNOCK,67,67,,440050007,Idaho Elections Division,
330050013,BANNOCK,64,64,,440050008,Idaho Elections Division,
330050014,BANNOCK,65,65,,440050009,Idaho Elections Division,
330050015,BANNOCK,29,29,,440050010,Idaho Elections Division,
330050016,BANNOCK,30,30,,440050010,Idaho Elections Division,
330050017,BANNOCK,43,43,,440050011,Idaho Elections Division,
330050018,BANNOCK,66,66,,440050012,Idaho Elections Division,
330050019,BANNOCK,26,26,,440050013,Idaho Elections Division,
330050020,BANNOCK,31,31,,440050013,Idaho Elections Division,
330050021,BANNOCK,40,40,,440050014,Idaho Elections Division,
330050022,BANNOCK,28,28,,440050015,Idaho Elections Division,
330050023,BANNOCK,22,22,,440050016,Idaho Elections Division,
330050024,BANNOCK,23,23,,440050016,Idaho Elections Division,
330050025,BANNOCK,35,35,,440050017,Idaho Elections Division,
330050026,BANNOCK,36,36,,440050017,Idaho Elections Division,
330050027,BANNOCK,37,37,,440050017,Idaho Elections Division,
330050028,BANNOCK,38,38,,440050017,Idaho Elections Division,
330050029,BANNOCK,27,27,,440050018,Idaho Elections Division,
330050030,BANNOCK,32,32,,440050018,Idaho Elections Division,
330050031,BANNOCK,42,42,,440050018,Idaho Elections Division,
330050032,BANNOCK,2,2,,440050019,Idaho Elections Division,
330050033,BANNOCK,3,3,,440050019,Idaho Elections Division,
330050034,BANNOCK,6,6,,440050020,Idaho Elections Division,
330050035,BANNOCK,8,8,,440050020,Idaho Elections Division,
330050036,BANNOCK,7,7,,440050021,Idaho Elections Division,
330050037,BANNOCK,5,5,,440050022,Idaho Elections Division,
330050038,BANNOCK,19,19,,440050023,Idaho Elections Division,
330050039,BANNOCK,14,14,,440050024,Idaho Elections Division,
330050040,BANNOCK,9,9,,440050025,Idaho Elections Division,
330050041,BANNOCK,1,1,,440050026,Idaho Elections Division,
330050042,BANNOCK,4,4,,440050026,Idaho Elections Division,
330050043,BANNOCK,24,24,,440050027,Idaho Elections Division,
330050044,BANNOCK,25,25,,440050027,Idaho Elections Division,
330050045,BANNOCK,34,34,,440050028,Idaho Elections Division,
330050046,BANNOCK,39,39,,440050028,Idaho Elections Division,
330050047,BANNOCK,41,41,,440050028,Idaho Elections Division,
330050048,BANNOCK,20,20,,440050029,Idaho Elections Division,
330050049,BANNOCK,57,57,,440050030,Idaho Elections Division,
330050050,BANNOCK,18,18,,440050031,Idaho Elections Division,
330050051,BANNOCK,17,17,,440050032,Idaho Elections Division,
330050052,BANNOCK,21,21,,440050032,Idaho Elections Division,
330050053,BANNOCK,59,59,,440050033,Idaho Elections Division,
330050054,BANNOCK,60,60,,440050033,Idaho Elections Division,
330050055,BANNOCK,13,13,,440050034,Idaho Elections Division,
330050056,BANNOCK,15,15,,440050034,Idaho Elections Division,
330050057,BANNOCK,10,10,,440050035,Idaho Elections Division,
330050058,BANNOCK,11,11,,440050035,Idaho Elections Division,
330050059,BANNOCK,12,12,,440050035,Idaho Elections Division,
330050060,BANNOCK,68,68,,440050036,Idaho Elections Division,
330070001,BEAR LAKE,5,5,,440070001,Idaho Elections Division,
330070002,BEAR LAKE,6,6,,440070002,Idaho Elections Division,
330070003,BEAR LAKE,7,7,,440070003,Idaho Elections Division,
330070004,BEAR LAKE,8,8,,440070004,Idaho Elections Division,
330070005,BEAR LAKE,9,9,,440070005,Idaho Elections Division,
330070006,BEAR LAKE,11,11,,440070006,Idaho Elections Division,
330070007,BEAR LAKE,12,12,,440070007,Idaho Elections Division,
330070008,BEAR LAKE,1,1,,440070008,Idaho Elections Division,
330070009,BEAR LAKE,2,2,,440070009,Idaho Elections Division,
330070010,BEAR LAKE,3,3,,440070010,Idaho Elections Division,
330070011,BEAR LAKE,16,16,,440070011,Idaho Elections Division,
330070012,BEAR LAKE,10,10,,440070012,Idaho Elections Division,
330070013,BEAR LAKE,13,13,,440070013,Idaho Elections Division,
330070014,BEAR LAKE,15,15,,440070014,Idaho Elections Division,
330090001,BENEWAH,4,4,,440090001,Idaho Elections Division,
330090002,BENEWAH,5,5,,440090002,Idaho Elections Division,
330090003,BENEWAH,7,7,,440090003,Idaho Elections Division,
330090004,BENEWAH,6,6,,440090004,Idaho Elections Division,
330090005,BENEWAH,1,1,,440090005,Idaho Elections Division,
330090006,BENEWAH,2,2,,440090006,Idaho Elections Division,
330090007,BENEWAH,3,3,,440090007,Idaho Elections Division,
330090008,BENEWAH,8,8,,440090008,Idaho Elections Division,
330090009,BENEWAH,9,9,,440090009,Idaho Elections Division,
330090010,BENEWAH,11,11,,440090010,Idaho Elections Division,
330090011,BENEWAH,10,10,,440090011,Idaho Elections Division,
330110001,BINGHAM,15,15,,440110001,Idaho Elections Division,
330110002,BINGHAM,6,6,,440110002,Idaho Elections Division,
330110003,BINGHAM,4,4,,440110003,Idaho Elections Division,
330110004,BINGHAM,9,9,,440110004,Idaho Elections Division,
330110005,BINGHAM,22,22,,440110004,Idaho Elections Division,
330110006,BINGHAM,11,11,,440110005,Idaho Elections Division,
330110007,BINGHAM,25,25,,440110005,Idaho Elections Division,
330110008,BINGHAM,1,1,,440110006,Idaho Elections Division,
330110009,BINGHAM,2,2,,440110006,Idaho Elections Division,
330110010,BINGHAM,3,3,,440110006,Idaho Elections Division,
330110011,BINGHAM,23,23,,440110006,Idaho Elections Division,
330110012,BINGHAM,5,5,,440110007,Idaho Elections Division,
330110013,BINGHAM,17,17,,440110008,Idaho Elections Division,
330110014,BINGHAM,24,24,,440110008,Idaho Elections Division,
330110015,BINGHAM,12,12,,440110009,Idaho Elections Division,
330110016,BINGHAM,18,18,,440110009,Idaho Elections Division,
330110017,BINGHAM,19,19,,440110010,Idaho Elections Division,
330110018,BINGHAM,7,7,,440110011,Idaho Elections Division,
330110019,BINGHAM,8,8,,440110011,Idaho Elections Division,
330110020,BINGHAM,20,20,,440110012,Idaho Elections Division,
330110021,BINGHAM,13,13,,440110013,Idaho Elections Division,
330110022,BINGHAM,21,21,,440110013,Idaho Elections Division,
330110023,BINGHAM,10,10,,440110014,Idaho Elections Division,
330110024,BINGHAM,14,14,,440110014,Idaho Elections Division,
330110025,BINGHAM,16,16,,440110015,Idaho Elections Division,
330130001,BLAINE,12,12,,440130001,Idaho Elections Division,
330130002,BLAINE,13,13,,440130001,Idaho Elections Division,
330130003,BLAINE,14,14,,440130002,Idaho Elections Division,
330130004,BLAINE,17,17,,440130003,Idaho Elections Division,
330130005,BLAINE,5,5,,440130004,Idaho Elections Division,
330130006,BLAINE,6,6,,440130004,Idaho Elections Division,
330130007,BLAINE,7,7,,440130004,Idaho Elections Division,
330130008,BLAINE,8,8,,440130004,Idaho Elections Division,
330130009,BLAINE,9,9,,440130004,Idaho Elections Division,
330130010,BLAINE,10,10,,440130004,Idaho Elections Division,
330130011,BLAINE,11,11,,440130004,Idaho Elections Division,
330130012,BLAINE,1,1,,440130005,Idaho Elections Division,
330130013,BLAINE,3,3,,440130005,Idaho Elections Division,
330130014,BLAINE,4,4,,440130005,Idaho Elections Division,
330130015,BLAINE,15,15,,440130006,Idaho Elections Division,
330130016,BLAINE,16,16,,440130007,Idaho Elections Division,
330130017,BLAINE,2,2,,440130008,Idaho Elections Division,
330150001,BOISE,70,70,,440150001,Idaho Elections Division,
330150002,BOISE,80,80,,440150002,Idaho Elections Division,
330150003,BOISE,30,30,,440150003,Idaho Elections Division,
330150004,BOISE,40,40,,440150004,Idaho Elections Division,
330150005,BOISE,90,90,,440150005,Idaho Elections Division,
330150006,BOISE,50,50,,440150006,Idaho Elections Division,
330150007,BOISE,60,60,,440150007,Idaho Elections Division,
330170001,BONNER,SPVY,SPVY,,440170001,Idaho Elections Division,
330170002,BONNER,LAKV,LAKV,,440170002,Idaho Elections Division,
330170003,BONNER,CKFK,CKFK,,440170003,Idaho Elections Division,
330170004,BONNER,KELS,KELS,,440170004,Idaho Elections Division,
330170005,BONNER,CARW,CARW,,440170005,Idaho Elections Division,
330170006,BONNER,WMND,WMND,,440170006,Idaho Elections Division,
330170007,BONNER,COLA,COLA,,440170007,Idaho Elections Division,
330170008,BONNER,SOSD,SOSD,,440170008,Idaho Elections Division,
330170009,BONNER,COLB,COLB,,440170009,Idaho Elections Division,
330170010,BONNER,DOVR,DOVR,,440170010,Idaho Elections Division,
330170011,BONNER,HOPE,HOPE,,440170011,Idaho Elections Division,
330170012,BONNER,LACL,LACL,,440170012,Idaho Elections Division,
330170013,BONNER,OLDT,OLDT,,440170013,Idaho Elections Division,
330170014,BONNER,PRLK,PRLK,,440170014,Idaho Elections Division,
330170015,BONNER,LAMB,LAMB,,440170015,Idaho Elections Division,
330170016,BONNER,BLUE,BLUE,,440170016,Idaho Elections Division,
330170017,BONNER,EDGM,EDGM,,440170017,Idaho Elections Division,
330170018,BONNER,PRWC,PRWC,,440170018,Idaho Elections Division,
330170019,BONNER,WPRB,WPRB,,440170019,Idaho Elections Division,
330170020,BONNER,EAPR,EAPR,,440170020,Idaho Elections Division,
330170021,BONNER,GAML,GAML,,440170021,Idaho Elections Division,
330170022,BONNER,SAGL,SAGL,,440170022,Idaho Elections Division,
330170023,BONNER,ALGO,ALGO,,440170023,Idaho Elections Division,
330170024,BONNER,KOOT,KOOT,,440170024,Idaho Elections Division,
330170025,BONNER,AIRP,AIRP,,440170025,Idaho Elections Division,
330170026,BONNER,BALD,BALD,,440170026,Idaho Elections Division,
330170027,BONNER,WASH,WASH,,440170027,Idaho Elections Division,
330170028,BONNER,HUMB,HUMB,,440170028,Idaho Elections Division,
330170029,BONNER,GRCK,GRCK,,440170029,Idaho Elections Division,
330170030,BONNER,SELL,SELL,,440170030,Idaho Elections Division,
330170031,BONNER,ODEN,ODEN,,440170031,Idaho Elections Division,
330170032,BONNER,SDPT,SDPT,,440170032,Idaho Elections Division,
330170033,BONNER,WREN,WREN,,440170033,Idaho Elections Division,
330190001,BONNEVILLE,5,5,,440190001,Idaho Elections Division,
330190002,BONNEVILLE,56,56,,440190002,Idaho Elections Division,
330190003,BONNEVILLE,50,50,,440190003,Idaho Elections Division,
330190004,BONNEVILLE,16,16,,440190004,Idaho Elections Division,
330190005,BONNEVILLE,7,7,,440190005,Idaho Elections Division,
330190006,BONNEVILLE,22,22,,440190006,Idaho Elections Division,
330190007,BONNEVILLE,46,46,,440190007,Idaho Elections Division,
330190008,BONNEVILLE,47,47,,440190008,Idaho Elections Division,
330190009,BONNEVILLE,9,9,,440190009,Idaho Elections Division,
330190010,BONNEVILLE,45,45,,440190010,Idaho Elections Division,
330190011,BONNEVILLE,10,10,,440190011,Idaho Elections Division,
330190012,BONNEVILLE,2,2,,440190012,Idaho Elections Division,
330190013,BONNEVILLE,20,20,,440190013,Idaho Elections Division,
330190014,BONNEVILLE,11,11,,440190014,Idaho Elections Division,
330190015,BONNEVILLE,6,6,,440190015,Idaho Elections Division,
330190016,BONNEVILLE,39,39,,440190016,Idaho Elections Division,
330190017,BONNEVILLE,25,25,,440190017,Idaho Elections Division,
330190018,BONNEVILLE,23,23,,440190018,Idaho Elections Division,
330190019,BONNEVILLE,4,4,,440190019,Idaho Elections Division,
330190020,BONNEVILLE,26,26,,440190020,Idaho Elections Division,
330190021,BONNEVILLE,12,12,,440190021,Idaho Elections Division,
330190022,BONNEVILLE,49,49,,440190022,Idaho Elections Division,
330190023,BONNEVILLE,42,42,,440190023,Idaho Elections Division,
330190024,BONNEVILLE,40,40,,440190024,Idaho Elections Division,
330190025,BONNEVILLE,57,57,,440190025,Idaho Elections Division,
330190026,BONNEVILLE,17,17,,440190026,Idaho Elections Division,
330190027,BONNEVILLE,19,19,,440190027,Idaho Elections Division,
330190028,BONNEVILLE,15,15,,440190028,Idaho Elections Division,
330190029,BONNEVILLE,52,52,,440190029,Idaho Elections Division,
330190030,BONNEVILLE,51,51,,440190030,Idaho Elections Division,
330190031,BONNEVILLE,38,38,,440190031,Idaho Elections Division,
330190032,BONNEVILLE,37,37,,440190032,Idaho Elections Division,
330190033,BONNEVILLE,24,24,,440190033,Idaho Elections Division,
330190034,BONNEVILLE,59,59,,440190034,Idaho Elections Division,
330190035,BONNEVILLE,14,14,,440190035,Idaho Elections Division,
330190036,BONNEVILLE,13,13,,440190036,Idaho Elections Division,
330190037,BONNEVILLE,41,41,,440190036,Idaho Elections Division,
330190038,BONNEVILLE,27,27,,440190037,Idaho Elections Division,
330190039,BONNEVILLE,3,3,,440190038,Idaho Elections Division,
330190040,BONNEVILLE,18,18,,440190039,Idaho Elections Division,
330190041,BONNEVILLE,48,48,,440190040,Idaho Elections Division,
330190042,BONNEVILLE,43,43,,440190041,Idaho Elections Division,
330190043,BONNEVILLE,1,1,,440190042,Idaho Elections Division,
330190044,BONNEVILLE,21,21,,440190042,Idaho Elections Division,
330190045,BONNEVILLE,8,8,,440190043,Idaho Elections Division,
330190046,BONNEVILLE,58,58,,440190044,Idaho Elections Division,
330190047,BONNEVILLE,44,44,,440190045,Idaho Elections Division,
330190048,BONNEVILLE,53,53,,440190045,Idaho Elections Division,
330190049,BONNEVILLE,55,55,,440190046,Idaho Elections Division,
330190050,BONNEVILLE,54,54,,440190047,Idaho Elections Division,
330210001,BOUNDARY,1,1,,440210001,Idaho Elections Division,
330210002,BOUNDARY,6,6,,440210001,Idaho Elections Division,
330210003,BOUNDARY,2,2,,440210002,Idaho Elections Division,
330210004,BOUNDARY,7,7,,440210003,Idaho Elections Division,
330210005,BOUNDARY,4,4,,440210004,Idaho Elections Division,
330210006,BOUNDARY,5,5,,440210005,Idaho Elections Division,
330230001,BUTTE,1,1,,440230001,Idaho Elections Division,
330230002,BUTTE,2,2,,440230001,Idaho Elections Division,
330230003,BUTTE,3,3,,440230002,Idaho Elections Division,
330230004,BUTTE,4,4,,440230003,Idaho Elections Division,
330250001,CAMAS,1,1,,440250001,Idaho Elections Division,
330250002,CAMAS,2,2,,440250002,Idaho Elections Division,
330270001,CANYON,18-10,18-10,,440270001,Idaho Elections Division,
330270002,CANYON,19-10,19-10,,440270001,Idaho Elections Division,
330270003,CANYON,11,11,,440270045,Idaho Elections Division,
330270004,CANYON,13-10,13-10,,440270002,Idaho Elections Division,
330270005,CANYON,4,4,,440270003,Idaho Elections Division,
330270006,CANYON,07-10,07-10,,440270003,Idaho Elections Division,
330270007,CANYON,8,8,,440270004,Idaho Elections Division,
330270008,CANYON,08-10,08-10,,440270004,Idaho Elections Division,
330270009,CANYON,22,22,,440270005,Idaho Elections Division,
330270010,CANYON,33-11,33-11,,440270046,Idaho Elections Division,
330270011,CANYON,6,6,,440270006,Idaho Elections Division,
330270012,CANYON,14-10,14-10,,440270006,Idaho Elections Division,
330270013,CANYON,09-10,09-10,,440270047,Idaho Elections Division,
330270014,CANYON,12,12,,440270048,Idaho Elections Division,
330270015,CANYON,34-11,34-11,,440270049,Idaho Elections Division,
330270016,CANYON,55,55,,440270050,Idaho Elections Division,
330270017,CANYON,17-10,17-10,,440270007,Idaho Elections Division,
330270018,CANYON,39-11,39-11,,440270008,Idaho Elections Division,
330270019,CANYON,03-09,03-09,,440270051,Idaho Elections Division,
330270020,CANYON,56,56,,440270052,Idaho Elections Division,
330270021,CANYON,13,13,,440270053,Idaho Elections Division,
330270022,CANYON,15-10,15-10,,440270009,Idaho Elections Division,
330270023,CANYON,5,5,,440270010,Idaho Elections Division,
330270024,CANYON,11-10,11-10,,440270054,Idaho Elections Division,
330270025,CANYON,10,10,,440270011,Idaho Elections Division,
330270026,CANYON,10-10,10-10,,440270011,Idaho Elections Division,
330270027,CANYON,9,9,,440270055,Idaho Elections Division,
330270028,CANYON,12-10,12-10,,440270012,Idaho Elections Division,
330270029,CANYON,27,27,,440270056,Idaho Elections Division,
330270030,CANYON,32-11,32-11,,440270013,Idaho Elections Division,
330270031,CANYON,54,54,,440270057,Idaho Elections Division,
330270032,CANYON,23,23,,440270014,Idaho Elections Division,
330270033,CANYON,31-11,31-11,,440270058,Idaho Elections Division,
330270034,CANYON,21,21,,440270015,Idaho Elections Division,
330270035,CANYON,35-11,35-11,,440270015,Idaho Elections Division,
330270036,CANYON,26-11,26-11,,440270016,Idaho Elections Division,
330270037,CANYON,28,28,,440270059,Idaho Elections Division,
330270038,CANYON,42-11,42-11,,440270017,Idaho Elections Division,
330270039,CANYON,29,29,,440270060,Idaho Elections Division,
330270040,CANYON,41-11,41-11,,440270018,Idaho Elections Division,
330270041,CANYON,18,18,,440270061,Idaho Elections Division,
330270042,CANYON,40-11,40-11,,440270019,Idaho Elections Division,
330270043,CANYON,39,39,,440270062,Idaho Elections Division,
330270044,CANYON,79-13,79-13,,440270020,Idaho Elections Division,
330270045,CANYON,52-12,52-12,,440270021,Idaho Elections Division,
330270046,CANYON,76-13,76-13,,440270063,Idaho Elections Division,
330270047,CANYON,49,49,,440270064,Idaho Elections Division,
330270048,CANYON,60-12,60-12,,440270022,Idaho Elections Division,
330270049,CANYON,62-12,62-12,,440270022,Idaho Elections Division,
330270050,CANYON,71-13,71-13,,440270022,Idaho Elections Division,
330270051,CANYON,30,30,,440270065,Idaho Elections Division,
330270052,CANYON,54-12,54-12,,440270066,Idaho Elections Division,
330270053,CANYON,46,46,,440270023,Idaho Elections Division,
330270054,CANYON,59-12,59-12,,440270066,Idaho Elections Division,
330270055,CANYON,45,45,,440270024,Idaho Elections Division,
330270056,CANYON,49-12,49-12,,440270024,Idaho Elections Division,
330270057,CANYON,43-11,43-11,,440270067,Idaho Elections Division,
330270058,CANYON,53-12,53-12,,440270025,Idaho Elections Division,
330270059,CANYON,58-12,58-12,,440270025,Idaho Elections Division,
330270060,CANYON,33,33,,440270068,Idaho Elections Division,
330270061,CANYON,69-13,69-13,,440270026,Idaho Elections Division,
330270062,CANYON,80-13,80-13,,440270069,Idaho Elections Division,
330270063,CANYON,32,32,,440270070,Idaho Elections Division,
330270064,CANYON,72-13,72-13,,440270071,Idaho Elections Division,
330270065,CANYON,37,37,,440270072,Idaho Elections Division,
330270066,CANYON,81-13,81-13,,440270027,Idaho Elections Division,
330270067,CANYON,25,25,,440270028,Idaho Elections Division,
330270068,CANYON,75-13,75-13,,440270073,Idaho Elections Division,
330270069,CANYON,43,43,,440270074,Idaho Elections Division,
330270070,CANYON,50-12,50-12,,440270029,Idaho Elections Division,
330270071,CANYON,55-12,55-12,,440270029,Idaho Elections Division,
330270072,CANYON,29-11,29-11,,440270030,Idaho Elections Division,
330270073,CANYON,60,60,,440270075,Idaho Elections Division,
330270074,CANYON,3,3,,440270076,Idaho Elections Division,
330270075,CANYON,27-11,27-11,,440270077,Idaho Elections Division,
330270076,CANYON,30-11,30-11,,440270031,Idaho Elections Division,
330270077,CANYON,44,44,,440270032,Idaho Elections Division,
330270078,CANYON,47,47,,440270032,Idaho Elections Division,
330270079,CANYON,48,48,,440270032,Idaho Elections Division,
330270080,CANYON,56-12,56-12,,440270032,Idaho Elections Division,
330270081,CANYON,61-12,61-12,,440270032,Idaho Elections Division,
330270082,CANYON,73-13,73-13,,440270033,Idaho Elections Division,
330270083,CANYON,77-13,77-13,,440270033,Idaho Elections Division,
330270084,CANYON,78-13,78-13,,440270034,Idaho Elections Division,
330270085,CANYON,50,50,,440270078,Idaho Elections Division,
330270086,CANYON,74-13,74-13,,440270035,Idaho Elections Division,
330270087,CANYON,31,31,,440270079,Idaho Elections Division,
330270088,CANYON,70-13,70-13,,440270036,Idaho Elections Division,
330270089,CANYON,41,41,,440270080,Idaho Elections Division,
330270090,CANYON,82-13,82-13,,440270037,Idaho Elections Division,
330270091,CANYON,16-10,16-10,,440270038,Idaho Elections Division,
330270092,CANYON,35,35,,440270081,Idaho Elections Division,
330270093,CANYON,40,40,,440270082,Idaho Elections Division,
330270094,CANYON,57-12,57-12,,440270039,Idaho Elections Division,
330270095,CANYON,28-11,28-11,,440270083,Idaho Elections Division,
330270096,CANYON,59,59,,440270084,Idaho Elections Division,
330270097,CANYON,51-12,51-12,,440270040,Idaho Elections Division,
330270098,CANYON,52,52,,440270085,Idaho Elections Division,
330270099,CANYON,02-09,02-09,,440270041,Idaho Elections Division,
330270100,CANYON,51,51,,440270086,Idaho Elections Division,
330270101,CANYON,1,1,,440270042,Idaho Elections Division,
330270102,CANYON,01-09,01-09,,440270042,Idaho Elections Division,
330270103,CANYON,38-11,38-11,,440270043,Idaho Elections Division,
330270104,CANYON,57,57,,440270087,Idaho Elections Division,
330270105,CANYON,36-11,36-11,,440270044,Idaho Elections Division,
330270106,CANYON,62,62,,440270088,Idaho Elections Division,
330270107,CANYON,37-11,37-11,,440270089,Idaho Elections Division,
330290001,CARIBOU,3,3,,440290001,Idaho Elections Division,
330290002,CARIBOU,10,10,,440290002,Idaho Elections Division,
330290003,CARIBOU,2,2,,440290003,Idaho Elections Division,
330290004,CARIBOU,1,1,,440290004,Idaho Elections Division,
330290005,CARIBOU,205,205,,440290005,Idaho Elections Division,
330290006,CARIBOU,207,207,,440290005,Idaho Elections Division,
330290007,CARIBOU,104,104,,440290006,Idaho Elections Division,
330290008,CARIBOU,106,106,,440290006,Idaho Elections Division,
330290009,CARIBOU,9,9,,440290007,Idaho Elections Division,
330310001,CASSIA,108,108,,440310001,Idaho Elections Division,
330310002,CASSIA,105,105,,440310002,Idaho Elections Division,
330310003,CASSIA,106,106,,440310003,Idaho Elections Division,
330310004,CASSIA,103,103,,440310004,Idaho Elections Division,
330310005,CASSIA,101,101,,440310005,Idaho Elections Division,
330310006,CASSIA,114,114,,440310006,Idaho Elections Division,
330310007,CASSIA,120,120,,440310007,Idaho Elections Division,
330310008,CASSIA,104,104,,440310008,Idaho Elections Division,
330310009,CASSIA,102,102,,440310009,Idaho Elections Division,
330310010,CASSIA,121,121,,440310010,Idaho Elections Division,
330310011,CASSIA,122,122,,440310011,Idaho Elections Division,
330310012,CASSIA,113,113,,440310012,Idaho Elections Division,
330310013,CASSIA,124,124,,440310013,Idaho Elections Division,
330310014,CASSIA,107,107,,440310014,Idaho Elections Division,
330310015,CASSIA,125,125,,440310015,Idaho Elections Division,
330310016,CASSIA,109,109,,440310016,Idaho Elections Division,
330310017,CASSIA,110,110,,440310016,Idaho Elections Division,
330310018,CASSIA,112,112,,440310016,Idaho Elections Division,
330310019,CASSIA,119,119,,440310016,Idaho Elections Division,
330310020,CASSIA,123,123,,440310016,Idaho Elections Division,
330310021,CASSIA,111,111,,440310017,Idaho Elections Division,
330310022,CASSIA,115,115,,440310018,Idaho Elections Division,
330310023,CASSIA,116,116,,440310019,Idaho Elections Division,
330310024,CASSIA,118,118,,440310020,Idaho Elections Division,
330310025,CASSIA,117,117,,440310021,Idaho Elections Division,
330330001,CLARK,1,1,,440330001,Idaho Elections Division,
330330002,CLARK,2,2,,440330002,Idaho Elections Division,
330330003,CLARK,3,3,,440330003,Idaho Elections Division,
330350001,CLEARWATER,11,11,,440350001,Idaho Elections Division,
330350002,CLEARWATER,8,8,,440350002,Idaho Elections Division,
330350003,CLEARWATER,15,15,,440350003,Idaho Elections Division,
330350004,CLEARWATER,13,13,,440350004,Idaho Elections Division,
330350005,CLEARWATER,6,6,,440350005,Idaho Elections Division,
330350006,CLEARWATER,14,14,,440350006,Idaho Elections Division,
330350007,CLEARWATER,7,7,,440350007,Idaho Elections Division,
330350008,CLEARWATER,10,10,,440350008,Idaho Elections Division,
330350009,CLEARWATER,1,1,,440350009,Idaho Elections Division,
330350010,CLEARWATER,2,2,,440350010,Idaho Elections Division,
330350011,CLEARWATER,3,3,,440350011,Idaho Elections Division,
330350012,CLEARWATER,4,4,,440350012,Idaho Elections Division,
330350013,CLEARWATER,5,5,,440350013,Idaho Elections Division,
330350014,CLEARWATER,12,12,,440350014,Idaho Elections Division,
330350015,CLEARWATER,9,9,,440350015,Idaho Elections Division,
330370001,CUSTER,3,3,,440370001,Idaho Elections Division,
330370002,CUSTER,4,4,,440370001,Idaho Elections Division,
330370003,CUSTER,1,1,,440370002,Idaho Elections Division,
330370004,CUSTER,7,7,,440370003,Idaho Elections Division,
330370005,CUSTER,8,8,,440370003,Idaho Elections Division,
330370006,CUSTER,9,9,,440370004,Idaho Elections Division,
330370007,CUSTER,5,5,,440370005,Idaho Elections Division,
330370008,CUSTER,6,6,,440370005,Idaho Elections Division,
330370009,CUSTER,11,11,,440370006,Idaho Elections Division,
330390001,ELMORE,GF #1,GF #1,,440390001,Idaho Elections Division,
330390002,ELMORE,HA #1,HA #1,,440390002,Idaho Elections Division,
330390003,ELMORE,KH #1,KH #1,,440390003,Idaho Elections Division,
330390004,ELMORE,AT #1,AT #1,,440390004,Idaho Elections Division,
330390005,ELMORE,CA #1,CA #1,,440390005,Idaho Elections Division,
330390006,ELMORE,CF #1,CF #1,,440390006,Idaho Elections Division,
330390007,ELMORE,MH #4,MH #4,,440390007,Idaho Elections Division,
330390008,ELMORE,MH #7,MH #7,,440390007,Idaho Elections Division,
330390009,ELMORE,MH #6,MH #6,,440390008,Idaho Elections Division,
330390010,ELMORE,MH #9,MH #9,,440390008,Idaho Elections Division,
330390011,ELMORE,MH #5,MH #5,,440390009,Idaho Elections Division,
330390012,ELMORE,MH #2,MH #2,,440390010,Idaho Elections Division,
330390013,ELMORE,MH #3,MH #3,,440390010,Idaho Elections Division,
330390014,ELMORE,MH #1,MH #1,,440390011,Idaho Elections Division,
330390015,ELMORE,MH #8,MH #8,,440390011,Idaho Elections Division,
330390016,ELMORE,MF #1,MF #1,,440390012,Idaho Elections Division,
330390017,ELMORE,PI #1,PI #1,,440390013,Idaho Elections Division,
330390018,ELMORE,PR #1,PR #1,,440390014,Idaho Elections Division,
330410001,FRANKLIN,7,7,,440410001,Idaho Elections Division,
330410002,FRANKLIN,8,8,,440410002,Idaho Elections Division,
330410003,FRANKLIN,10,10,,440410003,Idaho Elections Division,
330410004,FRANKLIN,17,17,,440410004,Idaho Elections Division,
330410005,FRANKLIN,9,9,,440410005,Idaho Elections Division,
330410006,FRANKLIN,5,5,,440410006,Idaho Elections Division,
330410007,FRANKLIN,11,11,,440410007,Idaho Elections Division,
330410008,FRANKLIN,12,12,,440410008,Idaho Elections Division,
330410009,FRANKLIN,1,1,,440410009,Idaho Elections Division,
330410010,FRANKLIN,4,4,,440410010,Idaho Elections Division,
330410011,FRANKLIN,14,14,,440410011,Idaho Elections Division,
330410012,FRANKLIN,3,3,,440410012,Idaho Elections Division,
330410013,FRANKLIN,2,2,,440410013,Idaho Elections Division,
330410014,FRANKLIN,16,16,,440410014,Idaho Elections Division,
330410015,FRANKLIN,6,6,,440410015,Idaho Elections Division,
330410016,FRANKLIN,13,13,,440410016,Idaho Elections Division,
330410017,FRANKLIN,15,15,,440410017,Idaho Elections Division,
330430001,FREMONT,4,4,,440430001,Idaho Elections Division,
330430002,FREMONT,6,6,,440430001,Idaho Elections Division,
330430003,FREMONT,5,5,,440430002,Idaho Elections Division,
330430004,FREMONT,1,1,,440430003,Idaho Elections Division,
330430005,FREMONT,13,13,,440430004,Idaho Elections Division,
330430006,FREMONT,3,3,,440430005,Idaho Elections Division,
330430007,FREMONT,14,14,,440430006,Idaho Elections Division,
330430008,FREMONT,2,2,,440430007,Idaho Elections Division,
330430009,FREMONT,7,7,,440430008,Idaho Elections Division,
330430010,FREMONT,8,8,,440430009,Idaho Elections Division,
330430011,FREMONT,9,9,,440430009,Idaho Elections Division,
330430012,FREMONT,10,10,,440430009,Idaho Elections Division,
330430013,FREMONT,11,11,,440430010,Idaho Elections Division,
330430014,FREMONT,12,12,,440430011,Idaho Elections Division,
330450001,GEM,05-WE,05-WE,,440450001,Idaho Elections Division,
330450002,GEM,06-EM,06-EM,,440450001,Idaho Elections Division,
330450003,GEM,02-NE,02-NE,,440450002,Idaho Elections Division,
330450004,GEM,01-CE,01-CE,,440450003,Idaho Elections Division,
330450005,GEM,03-BV,03-BV,,440450004,Idaho Elections Division,
330450006,GEM,14-AB,14-AB,,440450005,Idaho Elections Division,
330450007,GEM,04-SE,04-SE,,440450006,Idaho Elections Division,
330450008,GEM,07-LN,07-LN,,440450007,Idaho Elections Division,
330450009,GEM,10-BK,10-BK,,440450008,Idaho Elections Division,
330450010,GEM,11-BN,11-BN,,440450008,Idaho Elections Division,
330450011,GEM,08-LT,08-LT,,440450009,Idaho Elections Division,
330450012,GEM,09-HN,09-HN,,440450009,Idaho Elections Division,
330450013,GEM,13-OL,13-OL,,440450010,Idaho Elections Division,
330450014,GEM,12-SW,12-SW,,440450011,Idaho Elections Division,
330470001,GOODING,P7,P7,,440470001,Idaho Elections Division,
330470002,GOODING,P6,P6,,440470002,Idaho Elections Division,
330470003,GOODING,P2,P2,,440470003,Idaho Elections Division,
330470004,GOODING,P3,P3,,440470004,Idaho Elections Division,
330470005,GOODING,P4,P4,,440470005,Idaho Elections Division,
330470006,GOODING,P5,P5,,440470006,Idaho Elections Division,
330490001,IDAHO,28,28,,440490001,Idaho Elections Division,
330490002,IDAHO,2,2,,440490002,Idaho Elections Division,
330490003,IDAHO,3,3,,440490003,Idaho Elections Division,
330490004,IDAHO,4,4,,440490003,Idaho Elections Division,
330490005,IDAHO,5,5,,440490004,Idaho Elections Division,
330490006,IDAHO,6,6,,440490005,Idaho Elections Division,
330490007,IDAHO,7,7,,440490006,Idaho Elections Division,
330490008,IDAHO,10,10,,440490007,Idaho Elections Division,
330490009,IDAHO,11,11,,440490008,Idaho Elections Division,
330490010,IDAHO,12,12,,440490009,Idaho Elections Division,
330490011,IDAHO,13,13,,440490010,Idaho Elections Division,
330490012,IDAHO,14,14,,440490011,Idaho Elections Division,
330490013,IDAHO,16,16,,440490012,Idaho Elections Division,
330490014,IDAHO,20,20,,440490013,Idaho Elections Division,
330490015,IDAHO,23,23,,440490014,Idaho Elections Division,
330490016,IDAHO,8,8,,440490015,Idaho Elections Division,
330490017,IDAHO,15,15,,440490016,Idaho Elections Division,
330490018,IDAHO,9,9,,440490017,Idaho Elections Division,
330490019,IDAHO,17,17,,440490018,Idaho Elections Division,
330490020,IDAHO,18,18,,440490019,Idaho Elections Division,
330490021,IDAHO,19,19,,440490020,Idaho Elections Division,
330490022,IDAHO,21,21,,440490021,Idaho Elections Division,
330490023,IDAHO,22,22,,440490022,Idaho Elections Division,
330490024,IDAHO,24,24,,440490023,Idaho Elections Division,
330490025,IDAHO,25,25,,440490024,Idaho Elections Division,
330490026,IDAHO,26,26,,440490025,Idaho Elections Division,
330510001,JEFFERSON,5,5,,440510001,Idaho Elections Division,
330510002,JEFFERSON,1,1,,440510002,Idaho Elections Division,
330510003,JEFFERSON,7,7,,440510003,Idaho Elections Division,
330510004,JEFFERSON,9,9,,440510004,Idaho Elections Division,
330510005,JEFFERSON,10,10,,440510005,Idaho Elections Division,
330510006,JEFFERSON,2,2,,440510006,Idaho Elections Division,
330510007,JEFFERSON,3,3,,440510007,Idaho Elections Division,
330510008,JEFFERSON,4,4,,440510008,Idaho Elections Division,
330510009,JEFFERSON,6,6,,440510009,Idaho Elections Division,
330510010,JEFFERSON,8,8,,440510010,Idaho Elections Division,
330510011,JEFFERSON,11,11,,440510011,Idaho Elections Division,
330510012,JEFFERSON,12,12,,440510012,Idaho Elections Division,
330510013,JEFFERSON,13,13,,440510013,Idaho Elections Division,
330510014,JEFFERSON,14,14,,440510014,Idaho Elections Division,
330510015,JEFFERSON,15,15,,440510015,Idaho Elections Division,
330510016,JEFFERSON,16,16,,440510016,Idaho Elections Division,
330510017,JEFFERSON,17,17,,440510017,Idaho Elections Division,
330530001,JEROME,3,3,,440530001,Idaho Elections Division,
330530002,JEROME,5,5,,440530002,Idaho Elections Division,
330530003,JEROME,4,4,,440530003,Idaho Elections Division,
330530004,JEROME,1,1,,440530004,Idaho Elections Division,
330530005,JEROME,8,8,,440530005,Idaho Elections Division,
330530006,JEROME,6,6,,440530006,Idaho Elections Division,
330530007,JEROME,2,2,,440530007,Idaho Elections Division,
330530008,JEROME,7,7,,440530008,Idaho Elections Division,
330530009,JEROME,10,10,,440530008,Idaho Elections Division,
330530010,JEROME,9,9,,440530009,Idaho Elections Division,
330550001,KOOTENAI,3,3,,440550001,Idaho Elections Division,
330550002,KOOTENAI,4,4,,440550002,Idaho Elections Division,
330550003,KOOTENAI,68,68,,440550003,Idaho Elections Division,
330550004,KOOTENAI,56,56,,440550004,Idaho Elections Division,
330550005,KOOTENAI,57,57,,440550004,Idaho Elections Division,
330550006,KOOTENAI,65,65,,440550005,Idaho Elections Division,
330550007,KOOTENAI,38,38,,440550006,Idaho Elections Division,
330550008,KOOTENAI,40,40,,440550006,Idaho Elections Division,
330550009,KOOTENAI,52,52,,440550007,Idaho Elections Division,
330550010,KOOTENAI,61,61,,440550008,Idaho Elections Division,
330550011,KOOTENAI,46,46,,440550009,Idaho Elections Division,
330550012,KOOTENAI,47,47,,440550009,Idaho Elections Division,
330550013,KOOTENAI,50,50,,440550010,Idaho Elections Division,
330550014,KOOTENAI,60,60,,440550011,Idaho Elections Division,
330550015,KOOTENAI,62,62,,440550011,Idaho Elections Division,
330550016,KOOTENAI,44,44,,440550012,Idaho Elections Division,
330550017,KOOTENAI,43,43,,440550013,Idaho Elections Division,
330550018,KOOTENAI,66,66,,440550014,Idaho Elections Division,
330550019,KOOTENAI,42,42,,440550015,Idaho Elections Division,
330550020,KOOTENAI,45,45,,440550016,Idaho Elections Division,
330550021,KOOTENAI,51,51,,440550017,Idaho Elections Division,
330550022,KOOTENAI,53,53,,440550017,Idaho Elections Division,
330550023,KOOTENAI,39,39,,440550018,Idaho Elections Division,
330550024,KOOTENAI,58,58,,440550019,Idaho Elections Division,
330550025,KOOTENAI,48,48,,440550020,Idaho Elections Division,
330550026,KOOTENAI,49,49,,440550020,Idaho Elections Division,
330550027,KOOTENAI,59,59,,440550021,Idaho Elections Division,
330550028,KOOTENAI,54,54,,440550022,Idaho Elections Division,
330550029,KOOTENAI,55,55,,440550022,Idaho Elections Division,
330550030,KOOTENAI,22,22,,440550023,Idaho Elections Division,
330550031,KOOTENAI,41,41,,440550023,Idaho Elections Division,
330550032,KOOTENAI,67,67,,440550024,Idaho Elections Division,
330550033,KOOTENAI,70,70,,440550025,Idaho Elections Division,
330550034,KOOTENAI,7,7,,440550026,Idaho Elections Division,
330550035,KOOTENAI,20,20,,440550027,Idaho Elections Division,
330550036,KOOTENAI,14,14,,440550028,Idaho Elections Division,
330550037,KOOTENAI,13,13,,440550029,Idaho Elections Division,
330550038,KOOTENAI,15,15,,440550029,Idaho Elections Division,
330550039,KOOTENAI,21,21,,440550030,Idaho Elections Division,
330550040,KOOTENAI,19,19,,440550031,Idaho Elections Division,
330550041,KOOTENAI,17,17,,440550032,Idaho Elections Division,
330550042,KOOTENAI,16,16,,440550033,Idaho Elections Division,
330550043,KOOTENAI,24,24,,440550034,Idaho Elections Division,
330550044,KOOTENAI,29,29,,440550035,Idaho Elections Division,
330550045,KOOTENAI,30,30,,440550036,Idaho Elections Division,
330550046,KOOTENAI,25,25,,440550037,Idaho Elections Division,
330550047,KOOTENAI,23,23,,440550038,Idaho Elections Division,
330550048,KOOTENAI,37,37,,440550039,Idaho Elections Division,
330550049,KOOTENAI,8,8,,440550040,Idaho Elections Division,
330550050,KOOTENAI,63,63,,440550041,Idaho Elections Division,
330550051,KOOTENAI,33,33,,440550042,Idaho Elections Division,
330550052,KOOTENAI,34,34,,440550042,Idaho Elections Division,
330550053,KOOTENAI,64,64,,440550043,Idaho Elections Division,
330550054,KOOTENAI,31,31,,440550044,Idaho Elections Division,
330550055,KOOTENAI,32,32,,440550045,Idaho Elections Division,
330550056,KOOTENAI,27,27,,440550046,Idaho Elections Division,
330550057,KOOTENAI,28,28,,440550046,Idaho Elections Division,
330550058,KOOTENAI,35,35,,440550047,Idaho Elections Division,
330550059,KOOTENAI,36,36,,440550047,Idaho Elections Division,
330550060,KOOTENAI,26,26,,440550048,Idaho Elections Division,
330550061,KOOTENAI,11,11,,440550049,Idaho Elections Division,
330550062,KOOTENAI,6,6,,440550050,Idaho Elections Division,
330550063,KOOTENAI,9,9,,440550051,Idaho Elections Division,
330550064,KOOTENAI,12,12,,440550052,Idaho Elections Division,
330550065,KOOTENAI,18,18,,440550053,Idaho Elections Division,
330550066,KOOTENAI,10,10,,440550054,Idaho Elections Division,
330550067,KOOTENAI,5,5,,440550055,Idaho Elections Division,
330550068,KOOTENAI,1,1,,440550056,Idaho Elections Division,
330550069,KOOTENAI,2,2,,440550057,Idaho Elections Division,
330550070,KOOTENAI,69,69,,440550058,Idaho Elections Division,
330570001,LATAH,32BOV,32BOV,,440570001,Idaho Elections Division,
330570002,LATAH,19DEA,19DEA,,440570002,Idaho Elections Division,
330570003,LATAH,21GEN,21GEN,,440570003,Idaho Elections Division,
330570004,LATAH,22HAR,22HAR,,440570004,Idaho Elections Division,
330570005,LATAH,23JUL,23JUL,,440570005,Idaho Elections Division,
330570006,LATAH,24KEN,24KEN,,440570006,Idaho Elections Division,
330570007,LATAH,ALT,ALT,,440570007,Idaho Elections Division,
330570008,LATAH,GRADE10,GRADE10,,440570008,Idaho Elections Division,
330570009,LATAH,GRADE11,GRADE11,,440570009,Idaho Elections Division,
330570010,LATAH,GRADE12,GRADE12,,440570010,Idaho Elections Division,
330570011,LATAH,01MOS,01MOS,,440570011,Idaho Elections Division,
330570012,LATAH,02MOS,02MOS,,440570011,Idaho Elections Division,
330570013,LATAH,08MOS,08MOS,,440570011,Idaho Elections Division,
330570014,LATAH,13MOS,13MOS,,440570011,Idaho Elections Division,
330570015,LATAH,16MOS,16MOS,,440570011,Idaho Elections Division,
330570016,LATAH,18MOS,18MOS,,440570011,Idaho Elections Division,
330570017,LATAH,03MOS,03MOS,,440570012,Idaho Elections Division,
330570018,LATAH,04MOS,04MOS,,440570012,Idaho Elections Division,
330570019,LATAH,05MOS,05MOS,,440570012,Idaho Elections Division,
330570020,LATAH,06MOS,06MOS,,440570012,Idaho Elections Division,
330570021,LATAH,07MOS,07MOS,,440570012,Idaho Elections Division,
330570022,LATAH,09MOS,09MOS,,440570012,Idaho Elections Division,
330570023,LATAH,10MOS,10MOS,,440570012,Idaho Elections Division,
330570024,LATAH,11MOS,11MOS,,440570012,Idaho Elections Division,
330570025,LATAH,12MOS,12MOS,,440570012,Idaho Elections Division,
330570026,LATAH,14MOS,14MOS,,440570012,Idaho Elections Division,
330570027,LATAH,15MOS,15MOS,,440570012,Idaho Elections Division,
330570028,LATAH,17MOS,17MOS,,440570012,Idaho Elections Division,
330570029,LATAH,20FAR,20FAR,,440570013,Idaho Elections Division,
330570030,LATAH,25LIN,25LIN,,440570014,Idaho Elections Division,
330570031,LATAH,35ABS,35ABS,,440570015,Idaho Elections Division,
330570032,LATAH,PRIVATE,PRIVATE,,440570016,Idaho Elections Division,
330570033,LATAH,31COR,31COR,,440570017,Idaho Elections Division,
330570034,LATAH,27POT,27POT,,440570018,Idaho Elections Division,
330570035,LATAH,26PAL,26PAL,,440570019,Idaho Elections Division,
330570036,LATAH,28PRI,28PRI,,440570020,Idaho Elections Division,
330570037,LATAH,29TRO,29TRO,,440570021,Idaho Elections Division,
330570038,LATAH,30VIO,30VIO,,440570022,Idaho Elections Division,
330590001,LEMHI,9,9,,440590001,Idaho Elections Division,
330590002,LEMHI,7,7,,440590002,Idaho Elections Division,
330590003,LEMHI,4,4,,440590003,Idaho Elections Division,
330590004,LEMHI,1,1,,440590004,Idaho Elections Division,
330590005,LEMHI,3,3,,440590005,Idaho Elections Division,
330590006,LEMHI,6,6,,440590006,Idaho Elections Division,
330590007,LEMHI,2,2,,440590007,Idaho Elections Division,
330590008,LEMHI,5,5,,440590008,Idaho Elections Division,
330590009,LEMHI,8,8,,440590009,Idaho Elections Division,
330610001,LEWIS,4,4,,440610001,Idaho Elections Division,
330610002,LEWIS,2,2,,440610002,Idaho Elections Division,
330610003,LEWIS,3,3,,440610003,Idaho Elections Division,
330610004,LEWIS,1,1,,440610004,Idaho Elections Division,
330610005,LEWIS,7,7,,440610005,Idaho Elections Division,
330610006,LEWIS,6,6,,440610006,Idaho Elections Division,
330610007,LEWIS,8,8,,440610007,Idaho Elections Division,
330610008,LEWIS,5,5,,440610008,Idaho Elections Division,
330630001,LINCOLN,4,4,,440630001,Idaho Elections Division,
330630002,LINCOLN,5,5,,440630002,Idaho Elections Division,
330630003,LINCOLN,1,1,,440630003,Idaho Elections Division,
330630004,LINCOLN,2,2,,440630003,Idaho Elections Division,
330630005,LINCOLN,6,6,,440630004,Idaho Elections Division,
330630006,LINCOLN,3,3,,440630005,Idaho Elections Division,
330650001,MADISON,7,7,,440650001,Idaho Elections Division,
330650002,MADISON,19,19,,440650002,Idaho Elections Division,
330650003,MADISON,2,2,,440650003,Idaho Elections Division,
330650004,MADISON,13,13,,440650004,Idaho Elections Division,
330650005,MADISON,14,14,,440650005,Idaho Elections Division,
330650006,MADISON,3,3,,440650006,Idaho Elections Division,
330650007,MADISON,9,9,,440650007,Idaho Elections Division,
330650008,MADISON,16,16,,440650008,Idaho Elections Division,
330650009,MADISON,20,20,,440650009,Idaho Elections Division,
330650010,MADISON,15,15,,440650010,Idaho Elections Division,
330650011,MADISON,1,1,,440650011,Idaho Elections Division,
330650012,MADISON,11,11,,440650012,Idaho Elections Division,
330650013,MADISON,4,4,,440650013,Idaho Elections Division,
330650014,MADISON,10,10,,440650014,Idaho Elections Division,
330650015,MADISON,12,12,,440650014,Idaho Elections Division,
330650016,MADISON,18,18,,440650015,Idaho Elections Division,
330650017,MADISON,8,8,,440650016,Idaho Elections Division,
330650018,MADISON,5,5,,440650017,Idaho Elections Division,
330650019,MADISON,6,6,,440650018,Idaho Elections Division,
330650020,MADISON,17,17,,440650019,Idaho Elections Division,
330670001,MINIDOKA,1,1,,440670001,Idaho Elections Division,
330670002,MINIDOKA,2,2,,440670002,Idaho Elections Division,
330670003,MINIDOKA,3,3,,440670003,Idaho Elections Division,
330670004,MINIDOKA,4,4,,440670004,Idaho Elections Division,
330670005,MINIDOKA,5,5,,440670005,Idaho Elections Division,
330670006,MINIDOKA,6,6,,440670006,Idaho Elections Division,
330670007,MINIDOKA,7,7,,440670007,Idaho Elections Division,
330670008,MINIDOKA,8,8,,440670008,Idaho Elections Division,
330670009,MINIDOKA,9,9,,440670009,Idaho Elections Division,
330670010,MINIDOKA,10,10,,440670010,Idaho Elections Division,
330670011,MINIDOKA,11,11,,440670011,Idaho Elections Division,
330690001,NEZ PERCE,31,31,,440690001,Idaho Elections Division,
330690002,NEZ PERCE,27,27,,440690002,Idaho Elections Division,
330690003,NEZ PERCE,26,26,,440690003,Idaho Elections Division,
330690004,NEZ PERCE,32,32,,440690003,Idaho Elections Division,
330690005,NEZ PERCE,30,30,,440690004,Idaho Elections Division,
330690006,NEZ PERCE,28,28,,440690005,Idaho Elections Division,
330690007,NEZ PERCE,1,1,,440690006,Idaho Elections Division,
330690008,NEZ PERCE,2,2,,440690006,Idaho Elections Division,
330690009,NEZ PERCE,24,24,,440690006,Idaho Elections Division,
330690010,NEZ PERCE,6,6,,440690007,Idaho Elections Division,
330690011,NEZ PERCE,4,4,,440690008,Idaho Elections Division,
330690012,NEZ PERCE,7,7,,440690008,Idaho Elections Division,
330690013,NEZ PERCE,23,23,,440690009,Idaho Elections Division,
330690014,NEZ PERCE,10,10,,440690010,Idaho Elections Division,
330690015,NEZ PERCE,11,11,,440690010,Idaho Elections Division,
330690016,NEZ PERCE,12,12,,440690010,Idaho Elections Division,
330690017,NEZ PERCE,13,13,,440690010,Idaho Elections Division,
330690018,NEZ PERCE,14,14,,440690010,Idaho Elections Division,
330690019,NEZ PERCE,15,15,,440690010,Idaho Elections Division,
330690020,NEZ PERCE,16,16,,440690010,Idaho Elections Division,
330690021,NEZ PERCE,17,17,,440690010,Idaho Elections Division,
330690022,NEZ PERCE,18,18,,440690010,Idaho Elections Division,
330690023,NEZ PERCE,19,19,,440690010,Idaho Elections Division,
330690024,NEZ PERCE,20,20,,440690010,Idaho Elections Division,
330690025,NEZ PERCE,21,21,,440690010,Idaho Elections Division,
330690026,NEZ PERCE,22,22,,440690010,Idaho Elections Division,
330690027,NEZ PERCE,25,25,,440690010,Idaho Elections Division,
330690028,NEZ PERCE,5,5,,440690011,Idaho Elections Division,
330690029,NEZ PERCE,9,9,,440690011,Idaho Elections Division,
330690030,NEZ PERCE,3,3,,440690012,Idaho Elections Division,
330690031,NEZ PERCE,8,8,,440690013,Idaho Elections Division,
330690032,NEZ PERCE,29,29,,440690014,Idaho Elections Division,
330710001,ONEIDA,7,7,,440710001,Idaho Elections Division,
330710002,ONEIDA,5,5,,440710002,Idaho Elections Division,
330710003,ONEIDA,6,6,,440710003,Idaho Elections Division,
330710004,ONEIDA,1,1,,440710004,Idaho Elections Division,
330710005,ONEIDA,2,2,,440710005,Idaho Elections Division,
330710006,ONEIDA,3,3,,440710006,Idaho Elections Division,
330710007,ONEIDA,4,4,,440710007,Idaho Elections Division,
330730001,OWYHEE,10,10,,440730001,Idaho Elections Division,
330730002,OWYHEE,9,9,,440730002,Idaho Elections Division,
330730003,OWYHEE,1,1,,440730003,Idaho Elections Division,
330730004,OWYHEE,2,2,,440730004,Idaho Elections Division,
330730005,OWYHEE,3,3,,440730005,Idaho Elections Division,
330730006,OWYHEE,4,4,,440730006,Idaho Elections Division,
330730007,OWYHEE,6,6,,440730007,Idaho Elections Division,
330730008,OWYHEE,99,99,,440730008,Idaho Elections Division,
330730009,OWYHEE,5,5,,440730009,Idaho Elections Division,
330730010,OWYHEE,7,7,,440730009,Idaho Elections Division,
330730011,OWYHEE,11,11,,440730010,Idaho Elections Division,
330730012,OWYHEE,12,12,,440730011,Idaho Elections Division,
330730013,OWYHEE,8,8,,440730012,Idaho Elections Division,
330750001,PAYETTE,5,5,,440750001,Idaho Elections Division,
330750002,PAYETTE,6,6,,440750002,Idaho Elections Division,
330750003,PAYETTE,7,7,,440750003,Idaho Elections Division,
330750004,PAYETTE,10,10,,440750004,Idaho Elections Division,
330750005,PAYETTE,8,8,,440750005,Idaho Elections Division,
330750006,PAYETTE,9,9,,440750006,Idaho Elections Division,
330750007,PAYETTE,1,1,,440750007,Idaho Elections Division,
330750008,PAYETTE,2,2,,440750008,Idaho Elections Division,
330750009,PAYETTE,3,3,,440750009,Idaho Elections Division,
330750010,PAYETTE,4,4,,440750010,Idaho Elections Division,
330770001,POWER,2,2,,440770001,Idaho Elections Division,
330770002,POWER,1,1,,440770002,Idaho Elections Division,
330770003,POWER,3,3,,440770003,Idaho Elections Division,
330770004,POWER,5,5,,440770004,Idaho Elections Division,
330770005,POWER,6,6,,440770005,Idaho Elections Division,
330770006,POWER,4,4,,440770006,Idaho Elections Division,
330790001,SHOSHONE,6,6,,440790001,Idaho Elections Division,
330790002,SHOSHONE,10,10,,440790002,Idaho Elections Division,
330790003,SHOSHONE,2,2,,440790003,Idaho Elections Division,
330790004,SHOSHONE,1,1,,440790004,Idaho Elections Division,
330790005,SHOSHONE,5,5,,440790005,Idaho Elections Division,
330790006,SHOSHONE,9,9,,440790006,Idaho Elections Division,
330790007,SHOSHONE,4,4,,440790007,Idaho Elections Division,
330790008,SHOSHONE,8,8,,440790008,Idaho Elections Division,
330790009,SHOSHONE,7,7,,440790009,Idaho Elections Division,
330790010,SHOSHONE,11,11,,440790009,Idaho Elections Division,
330790011,SHOSHONE,12,12,,440790009,Idaho Elections Division,
330790012,SHOSHONE,13,13,,440790009,Idaho Elections Division,
330790013,SHOSHONE,3,3,,440790010,Idaho Elections Division,
330810001,TETON,3,3,,440810001,Idaho Elections Division,
330810002,TETON,4,4,,440810001,Idaho Elections Division,
330810003,TETON,2,2,,440810002,Idaho Elections Division,
330810004,TETON,5,5,,440810002,Idaho Elections Division,
330810005,TETON,1,1,,440810003,Idaho Elections Division,
330810006,TETON,6,6,,440810004,Idaho Elections Division,
330810007,TETON,7,7,,440810004,Idaho Elections Division,
330830001,TWIN FALLS,DE001,DE001,,440830001,Idaho Elections Division,
330830002,TWIN FALLS,XDE01,XDE01,,440830001,Idaho Elections Division,
330830003,TWIN FALLS,BU001,BU001,,440830002,Idaho Elections Division,
330830004,TWIN FALLS,BU002,BU002,,440830002,Idaho Elections Division,
330830005,TWIN FALLS,XBU01,XBU01,,440830002,Idaho Elections Division,
330830006,TWIN FALLS,XBU02,XBU02,,440830002,Idaho Elections Division,
330830007,TWIN FALLS,BU003,BU003,,440830003,Idaho Elections Division,
330830008,TWIN FALLS,BU004,BU004,,440830003,Idaho Elections Division,
330830009,TWIN FALLS,BU005,BU005,,440830003,Idaho Elections Division,
330830010,TWIN FALLS,XBU03,XBU03,,440830003,Idaho Elections Division,
330830011,TWIN FALLS,XBU04,XBU04,,440830003,Idaho Elections Division,
330830012,TWIN FALLS,XBU05,XBU05,,440830003,Idaho Elections Division,
330830013,TWIN FALLS,XBU06,XBU06,,440830003,Idaho Elections Division,
330830014,TWIN FALLS,XBU07,XBU07,,440830003,Idaho Elections Division,
330830015,TWIN FALLS,CA001,CA001,,440830004,Idaho Elections Division,
330830016,TWIN FALLS,XCA01,XCA01,,440830004,Idaho Elections Division,
330830017,TWIN FALLS,FI001,FI001,,440830005,Idaho Elections Division,
330830018,TWIN FALLS,FI002,FI002,,440830005,Idaho Elections Division,
330830019,TWIN FALLS,FI003,FI003,,440830005,Idaho Elections Division,
330830020,TWIN FALLS,MA001,MA001,,440830005,Idaho Elections Division,
330830021,TWIN FALLS,XFI01,XFI01,,440830005,Idaho Elections Division,
330830022,TWIN FALLS,XFI02,XFI02,,440830005,Idaho Elections Division,
330830023,TWIN FALLS,XFI03,XFI03,,440830005,Idaho Elections Division,
330830024,TWIN FALLS,XMA01,XMA01,,440830005,Idaho Elections Division,
330830025,TWIN FALLS,HA001,HA001,,440830006,Idaho Elections Division,
330830026,TWIN FALLS,XHA01,XHA01,,440830006,Idaho Elections Division,
330830027,TWIN FALLS,HO001,HO001,,440830007,Idaho Elections Division,
330830028,TWIN FALLS,XHO01,XHO01,,440830007,Idaho Elections Division,
330830029,TWIN FALLS,KI002,KI002,,440830008,Idaho Elections Division,
330830030,TWIN FALLS,KI004,KI004,,440830008,Idaho Elections Division,
330830031,TWIN FALLS,XKI02,XKI02,,440830008,Idaho Elections Division,
330830032,TWIN FALLS,XKI04,XKI04,,440830008,Idaho Elections Division,
330830033,TWIN FALLS,KI001,KI001,,440830009,Idaho Elections Division,
330830034,TWIN FALLS,KI003,KI003,,440830009,Idaho Elections Division,
330830035,TWIN FALLS,XKI01,XKI01,,440830009,Idaho Elections Division,
330830036,TWIN FALLS,XKI03,XKI03,,440830009,Idaho Elections Division,
330830037,TWIN FALLS,MU001,MU001,,440830010,Idaho Elections Division,
330830038,TWIN FALLS,XMU01,XMU01,,440830010,Idaho Elections Division,
330830039,TWIN FALLS,TF022,TF022,,440830011,Idaho Elections Division,
330830040,TWIN FALLS,TF023,TF023,,440830011,Idaho Elections Division,
330830041,TWIN FALLS,TF024,TF024,,440830011,Idaho Elections Division,
330830042,TWIN FALLS,XOT25,XOT25,,440830011,Idaho Elections Division,
330830043,TWIN FALLS,TF003,TF003,,440830012,Idaho Elections Division,
330830044,TWIN FALLS,TF004,TF004,,440830012,Idaho Elections Division,
330830045,TWIN FALLS,TF013,TF013,,440830013,Idaho Elections Division,
330830046,TWIN FALLS,TF014,TF014,,440830013,Idaho Elections Division,
330830047,TWIN FALLS,TF025,TF025,,440830013,Idaho Elections Division,
330830048,TWIN FALLS,TF026,TF026,,440830013,Idaho Elections Division,
330830049,TWIN FALLS,XOT21,XOT21,,440830013,Idaho Elections Division,
330830050,TWIN FALLS,XOT22,XOT22,,440830013,Idaho Elections Division,
330830051,TWIN FALLS,XTF06,XTF06,,440830012,Idaho Elections Division,
330830052,TWIN FALLS,XTF07,XTF07,,440830012,Idaho Elections Division,
330830053,TWIN FALLS,XTF08,XTF08,,440830012,Idaho Elections Division,
330830054,TWIN FALLS,XTF09,XTF09,,440830012,Idaho Elections Division,
330830055,TWIN FALLS,XTF18,XTF18,,440830013,Idaho Elections Division,
330830056,TWIN FALLS,TF017,TF017,,440830014,Idaho Elections Division,
330830057,TWIN FALLS,TF018,TF018,,440830014,Idaho Elections Division,
330830058,TWIN FALLS,TF010,TF010,,440830015,Idaho Elections Division,
330830059,TWIN FALLS,TF011,TF011,,440830015,Idaho Elections Division,
330830060,TWIN FALLS,XTF10,XTF10,,440830015,Idaho Elections Division,
330830061,TWIN FALLS,XTF12,XTF12,,440830015,Idaho Elections Division,
330830062,TWIN FALLS,XTF14,XTF14,,440830015,Idaho Elections Division,
330830063,TWIN FALLS,TF005,TF005,,440830016,Idaho Elections Division,
330830064,TWIN FALLS,TF006,TF006,,440830016,Idaho Elections Division,
330830065,TWIN FALLS,XTF11,XTF11,,440830016,Idaho Elections Division,
330830066,TWIN FALLS,XTF13,XTF13,,440830016,Idaho Elections Division,
330830067,TWIN FALLS,TF015,TF015,,440830017,Idaho Elections Division,
330830068,TWIN FALLS,TF016,TF016,,440830017,Idaho Elections Division,
330830069,TWIN FALLS,XOT23,XOT23,,440830017,Idaho Elections Division,
330830070,TWIN FALLS,XTF20,XTF20,,440830017,Idaho Elections Division,
330830071,TWIN FALLS,TF008,TF008,,440830018,Idaho Elections Division,
330830072,TWIN FALLS,TF012,TF012,,440830018,Idaho Elections Division,
330830073,TWIN FALLS,XTF15,XTF15,,440830018,Idaho Elections Division,
330830074,TWIN FALLS,TF001,TF001,,440830019,Idaho Elections Division,
330830075,TWIN FALLS,XTF01,XTF01,,440830019,Idaho Elections Division,
330830076,TWIN FALLS,TF002,TF002,,440830020,Idaho Elections Division,
330830077,TWIN FALLS,XTF02,XTF02,,440830020,Idaho Elections Division,
330830078,TWIN FALLS,TF019,TF019,,440830021,Idaho Elections Division,
330830079,TWIN FALLS,TF020,TF020,,440830021,Idaho Elections Division,
330830080,TWIN FALLS,TF021,TF021,,440830021,Idaho Elections Division,
330830081,TWIN FALLS,XOT24,XOT24,,440830021,Idaho Elections Division,
330830082,TWIN FALLS,XTF05,XTF05,,440830021,Idaho Elections Division,
330830083,TWIN FALLS,TF007,TF007,,440830022,Idaho Elections Division,
330830084,TWIN FALLS,TF009,TF009,,440830022,Idaho Elections Division,
330830085,TWIN FALLS,XTF16,XTF16,,440830022,Idaho Elections Division,
330830086,TWIN FALLS,XTF17,XTF17,,440830022,Idaho Elections Division,
330850001,VALLEY,1,1,,440850001,Idaho Elections Division,
330850002,VALLEY,2,2,,440850001,Idaho Elections Division,
330850003,VALLEY,7,7,,440850001,Idaho Elections Division,
330850004,VALLEY,3,3,,440850002,Idaho Elections Division,
330850005,VALLEY,6,6,,440850002,Idaho Elections Division,
330850006,VALLEY,4,4,,440850003,Idaho Elections Division,
330850007,VALLEY,5,5,,440850003,Idaho Elections Division,
330850008,VALLEY,8,8,,440850004,Idaho Elections Division,
330870001,WASHINGTON,8,8,,440870001,Idaho Elections Division,
330870002,WASHINGTON,7,7,,440870002,Idaho Elections Division,
330870003,WASHINGTON,3,3,,440870003,Idaho Elections Division,
330870004,WASHINGTON,6,6,,440870003,Idaho Elections Division,
330870005,WASHINGTON,10,10,,440870004,Idaho Elections Division,
330870006,WASHINGTON,4,4,,440870005,Idaho Elections Division,
330870007,WASHINGTON,5,5,,440870005,Idaho Elections Division,
330870008,WASHINGTON,9,9,,440870005,Idaho Elections Division,
330870009,WASHINGTON,1,1,,440870006,Idaho Elections Division,
330870010,WASHINGTON,2,2,,440870006,Idaho Elections Division,
330870011,WASHINGTON,11,11,,440870006,Idaho Elections Division,
