vf_precinct_id,vf_precinct_county,vf_precinct_ward,vf_precinct_name,vf_precinct_code,vf_precinct_count
22208,CANYON,,Canyon - 15,15,810
22207,CANYON,,Canyon - 07,7,592
22180,CANYON,,Canyon - 09,9,1056
22490,KOOTENAI,,Kootenai - 58,58,553
22706,CASSIA,,Declo,111,389
22907,ONEIDA,,Oneida - 006,6,37
22546,CAMAS,,Camas - 01,1,235
22595,CLEARWATER,,Orofino 2,2,327
22522,OWYHEE,,N Homedale,1,433
22215,ADA,,Ada - 1515,1515,424
22528,BINGHAM,,Unknown Precinct 26,26,16
22919,ELMORE,,Camas,CA #1,11
22658,CANYON,,Canyon - 39,39,836
22824,BONNER,,East Priest River,EAPR,445
22401,CANYON,,Canyon - 58,58,678
22662,LATAH,,Genesee 21,21GEN,491
2234,ADA,,Ada - 1912,1912,700
22685,CANYON,,Canyon - 38,38,301
22628,KOOTENAI,,Kootenai - 18,18,956
22172,GEM,,05 West Emmett,05-WE,512
22508,LEMHI,,Depot,2,599
22291,BANNOCK,,Pocatello 18,18,410
22507,PAYETTE,,Payette - 005,5,832
22487,TETON,,Teton - 006,6,455
22786,BONNEVILLE,,Bonneville - 54,54,173
22266,VALLEY,,McCall,4,1047
22348,TWIN FALLS,,Twin Falls 01,TF001,617
22560,ONEIDA,,Oneida - 003,3,333
22197,ADA,,Ada - 1405,1405,730
22240,ADA,,Ada - 1708,1708,902
22351,BANNOCK,,Pocatello 27,27,246
22638,BONNER,,Hope,HOPE,389
22479,TETON,,Teton - 005,5,404
22691,CANYON,,Canyon - 52,52,825
22798,ADAMS,,Adams - 006,6,32
22742,WASHINGTON,,South Weiser,3,213
22692,IDAHO,,Kamiah,17,503
22191,ADA,,Ada - 1919,1919,878
2283,ADA,,Ada - 1817,1817,769
22467,MINIDOKA,,Emerson,2,513
22537,ADA,,Ada - 2005,2005,1029
22447,ADA,,Ada - 1417,1417,685
22788,KOOTENAI,,Kootenai - 32,32,591
22322,FRANKLIN,,Preston 4,4,210
22188,ADA,,Ada - 2105,2105,495
22185,ADA,,Ada - 1612,1612,598
22174,ELMORE,,Mt. Home #6,MH #6,420
22577,LATAH,,Bovill 32,32BOV,93
2217,ADA,,Ada - 1908,1908,527
22808,ELMORE,,King Hill,KH #1,111
22703,VALLEY,,Cascade,2,338
22792,IDAHO,,Riggins,22,298
22135,TETON,,Teton - 007,7,520
22468,BONNEVILLE,,Bonneville - 46,46,519
2223,ADA,,Ada - 1902,1902,754
22140,ADA,,Ada - 2003,2003,741
22770,BONNEVILLE,,Bonneville - 04,4,325
22599,CANYON,,Canyon - 36,36,544
22466,BANNOCK,,McCammon 65,65,446
22836,LATAH,,Deary 19,19DEA,421
22702,ELMORE,,Mt. Home #9,MH #9,597
22882,IDAHO,,Grangeville 5,14,428
22664,KOOTENAI,,Kootenai - 69,69,574
22913,BONNER,,Lakeview,LAKV,110
22434,BONNEVILLE,,Bonneville - 37,37,365
22412,BANNOCK,,Pocatello 20,20,380
22645,BONNER,,Spirit Valley,SPVY,484
22379,JEROME,,Northeast,6,649
22342,FREMONT,,Fremont - 001,1,452
229,ADA,,Ada - 1607,1607,1059
2254,BONNEVILLE,,Bonneville - 18,18,526
22776,FREMONT,,Fremont - 013,13,103
22875,NEZ PERCE,,Nez Perce - 25,25,322
22707,CANYON,,Canyon - 70,70,661
22211,BONNEVILLE,,Bonneville - 48,48,705
22375,FREMONT,,Fremont - 006,6,253
22579,NEZ PERCE,,Nez Perce - 22,22,490
22323,FRANKLIN,,Preston 3,3,250
22170,CANYON,,Canyon - 62,62,894
22407,CLEARWATER,,Ahsahka,11,183
22765,MINIDOKA,,Pioneer,6,443
22421,VALLEY,,West Mountain,7,352
22572,BENEWAH,,College,3,315
22239,TWIN FALLS,,Kimberly 2,KI002,410
22570,NEZ PERCE,,Nez Perce - 09,9,521
22812,MINIDOKA,,Heyburn #2,4,505
22294,KOOTENAI,,Kootenai - 01,1,608
22725,OWYHEE,,Three Creek,12,21
22805,WASHINGTON,,Pioneer,9,340
22432,CLARK,,Clark - 001,1,100
22859,KOOTENAI,,Kootenai - 10,10,261
22878,SHOSHONE,,Shoshone - 02,2,269
22369,BANNOCK,,Chubbuck 54,54,313
22414,POWER,,Power - 003,3,536
22319,BANNOCK,,Pocatello 07,7,372
22785,BONNEVILLE,,Bonneville - 55,55,254
22581,KOOTENAI,,Kootenai - 20,20,915
22317,BONNEVILLE,,Bonneville - 19,19,480
22297,KOOTENAI,,Kootenai - 40,40,943
22612,CANYON,,Canyon - 42,42,875
22216,BANNOCK,,Pocatello 01,1,395
2285,VALLEY,,Roseberry,6,991
22451,BANNOCK,,Chubbuck 57,57,421
22526,KOOTENAI,,Kootenai - 35,35,356
22783,CASSIA,,Unity,124,331
22177,BONNEVILLE,,Bonneville - 02,2,582
22217,MADISON,,Madison - 016,16,472
22883,FRANKLIN,,Banida-Winder 6,6,73
22144,ADA,,Ada - 1713,1713,955
22179,CANYON,,Canyon - 11,11,553
22661,PAYETTE,,Payette - 004,4,306
22873,LEWIS,,Winchester,5,177
22415,BANNOCK,,Pocatello 09,9,366
22732,BLAINE,,Blaine - 001,1,655
22472,BONNER,,Baldy,BALD,726
22584,KOOTENAI,,Kootenai - 47,47,867
22801,OWYHEE,,Bruneau,10,193
22357,BANNOCK,,Pocatello 34,34,345
22794,IDAHO,,Cottonwood 1,3,193
22624,BONNER,,Lamb Creek,LAMB,256
22713,KOOTENAI,,Kootenai - 02,2,601
22377,JEROME,,Northwest,7,442
22390,BANNOCK,,Pocatello 22,22,451
22723,LINCOLN,,3 Shoshone,3,228
22592,CANYON,,Canyon - 03,3,763
22575,BENEWAH,,Center,2,262
22589,NEZ PERCE,,Nez Perce - 28,28,207
22483,FRANKLIN,,Whitney 16,16,183
22286,CANYON,,Canyon - 76,76,1033
22712,TWIN FALLS,,Deep Creek,DE001,249
2289,TWIN FALLS,,Maroa,MA001,181
22427,MINIDOKA,,Rupert #5,11,337
22474,CASSIA,,Burley 1,101,185
22744,KOOTENAI,,Kootenai - 66,66,447
22424,ADA,,Ada - 2210,2210,1002
2282,ADA,,Ada - 1613,1613,816
22787,CASSIA,,Pella,120,164
22903,OWYHEE,,Riddle,11,30
22905,IDAHO,,Greencreek,8,104
22554,BEAR LAKE,,Bloomington,7,75
22816,CASSIA,,Parsons,119,33
22549,BANNOCK,,Downey 62,62,293
22842,LINCOLN,,4 Richfield,4,286
22515,LEMHI,,Brooklyn,3,893
22683,CANYON,,Canyon - 29,29,828
22660,CANYON,,Canyon - 69,69,798
22700,KOOTENAI,,Kootenai - 65,65,432
22562,ADA,,Ada - 1401,1401,495
22331,CUSTER,,Custer - 006,6,254
2215,BONNEVILLE,,Bonneville - 38,38,427
22838,LEWIS,,E Kamiah,3,113
22510,ONEIDA,,Oneida - 004,4,228
22877,NEZ PERCE,,Nez Perce - 32,32,106
22158,ADA,,Ada - 1802,1802,940
22356,BONNEVILLE,,Bonneville - 17,17,582
2243,ELMORE,,Mt. Home #2,MH #2,663
22435,TETON,,Teton - 004,4,466
22632,GEM,,11 Bench,11-BN,373
22235,CANYON,,Canyon - 27,27,795
22617,BONNER,,Wrenco,WREN,159
22324,BONNEVILLE,,Bonneville - 24,24,636
22542,FREMONT,,Fremont - 007,7,383
2279,CANYON,,Canyon - 71,71,549
22354,JEFFERSON,,Grant,4,313
22289,BANNOCK,,Chubbuck 55,55,533
225,BANNOCK,,Pocatello 17,17,428
2258,BONNEVILLE,,Bonneville - 12,12,514
22440,BANNOCK,,Pocatello 08,8,355
22232,TWIN FALLS,,Twin Falls 10,TF010,403
22604,BONNER,,Southside,SOSD,333
22352,TWIN FALLS,,Kimberly 3,KI003,433
22344,MADISON,,Madison - 002,2,469
22694,CANYON,,Canyon - 59,59,671
2264,LATAH,,Moscow 04,04MOS,436
22120,ADA,,Ada - 1809,1809,1032
22654,PAYETTE,,Payette - 010,10,121
22738,CASSIA,,Oakley 2,118,222
22737,OWYHEE,,Wilson,6,248
22800,KOOTENAI,,Kootenai - 31,31,257
22602,MADISON,,Madison - 012,12,220
22868,SHOSHONE,,Shoshone - 01,1,98
2280,ADA,,Ada - 2006,2006,857
22716,LINCOLN,,1 Shoshone,1,228
22270,CANYON,,Canyon - 79,79,851
22261,TWIN FALLS,,Twin Falls 07,TF007,538
22137,BINGHAM,,Blackfoot 5,5,539
22119,KOOTENAI,,Kootenai - 51,51,457
22469,BLAINE,,Blaine - 009,9,413
22715,MINIDOKA,,Acequia,1,351
22326,GOODING,,2 Gooding City,P2,823
22102,CANYON,,Canyon - 82,82,702
22909,CASSIA,,Bridge,110,24
22250,MADISON,,Madison - 005,5,576
22145,ELMORE,,Atlanta,AT #1,30
22156,ADA,,Ada - 1903,1903,327
22830,LATAH,,Viola 30,30VIO,192
2242,ADA,,Ada - 1916,1916,725
22840,CLEARWATER,,Greer,7,25
22839,CLEARWATER,,Elk River,13,70
2233,ADA,,Ada - 1906,1906,905
22498,BONNEVILLE,,Bonneville - 14,14,471
22397,BANNOCK,,Mink Creek 66,66,427
22376,GEM,,09 Hanna,09-HN,421
22308,BANNOCK,,Pocatello 13,13,450
22198,CANYON,,Canyon - 37,37,531
22381,JEROME,,Hazelton,5,485
22673,LATAH,,Kendrick 24,24KEN,203
22321,POWER,,Power - 001,1,367
22711,JEROME,,Eden,3,269
22426,ADA,,Ada - 1404,1404,709
22799,IDAHO,,Whitebird,25,200
22417,BANNOCK,,Pebble Creek 67,67,296
22514,KOOTENAI,,Kootenai - 21,21,541
22525,BONNER,,Kootenai,KOOT,935
22449,IDAHO,,Grangeville 1,10,317
22614,BONNER,,Gamlin Lake,GAML,299
22653,PAYETTE,,Payette - 008,8,832
22897,BEAR LAKE,,St Charles,15,81
22183,GEM,,01 Central,01-CE,397
22889,ELMORE,,Chattin Flats,CF #1,40
22681,ADA,,Ada - 1904,1904,682
22795,IDAHO,,Cottonwood 2,4,198
2268,BANNOCK,,Pocatello 03,3,349
22841,BLAINE,,Blaine - 010,10,389
22649,NEZ PERCE,,Nez Perce - 04,4,389
22676,LATAH,,Cora 31,31COR,116
22511,MINIDOKA,,Rupert #4,10,395
22593,KOOTENAI,,Kootenai - 52,52,450
22709,BLAINE,,Blaine - 011,11,437
22139,NEZ PERCE,,Nez Perce - 19,19,451
22463,MADISON,,Madison - 013,13,235
22627,BONNER,,Selle,SELL,427
22876,IDAHO,,Grangeville 2,11,308
22717,MINIDOKA,,Paul,5,455
2248,BANNOCK,,Pocatello 39,39,382
22866,LEWIS,,Nez Perce,1,237
22476,ADA,,Ada - 2001,2001,515
227,LATAH,,Moscow 06,06MOS,531
22457,CASSIA,,Burley 5,105,347
22238,BLAINE,,Blaine - 008,8,428
2231,ADA,,Ada - 1701,1701,742
22586,BENEWAH,,Santa,7,172
22279,CANYON,,Canyon - 57,57,908
22346,TWIN FALLS,,Twin Falls 08,TF008,425
22539,KOOTENAI,,Kootenai - 28,28,874
2222,BANNOCK,,Pocatello 10,10,487
22729,MINIDOKA,,Rupert #1,7,345
22104,ADA,,Ada - 1905,1905,711
22695,ELMORE,,Pine,PI #1,71
2266,LATAH,,Moscow 03,03MOS,480
22113,NEZ PERCE,,Nez Perce - 26,26,578
22151,ADA,,Ada - 1418,1418,1176
22117,KOOTENAI,,Kootenai - 49,49,484
22484,FREMONT,,Fremont - 008,8,346
2284,NEZ PERCE,,Nez Perce - 16,16,401
2272,ADA,,Ada - 1913,1913,790
22128,TWIN FALLS,,Twin Falls 12,TF012,490
22778,FREMONT,,Fremont - 010,10,320
2297,LATAH,,Moscow 17,17MOS,498
22710,TWIN FALLS,,Twin Falls 26,TF026,475
2237,BONNEVILLE,,Bonneville - 13,13,627
22171,ADA,,Ada - 1608,1608,751
22552,FRANKLIN,,Clifton-Oxford 7,7,138
22721,KOOTENAI,,Kootenai - 29,29,443
22455,BANNOCK,,Pocatello 37,37,413
22509,LEMHI,,Pahsimeroi,7,45
22194,ADA,,Ada - 1917,1917,648
22771,BONNEVILLE,,Bonneville - 42,42,281
22623,BONNER,,Grouse Creek,GRCK,354
22773,MADISON,,Madison - 004,4,200
22615,BONNER,,Algoma,ALGO,460
22896,FRANKLIN,,Treasurton-Riverdale 14,14,157
22520,BLAINE,,Blaine - 007,7,477
22793,KOOTENAI,,Kootenai - 03,3,665
22755,OWYHEE,,Grand View,9,277
22343,CASSIA,,Burley 4,104,362
22213,TWIN FALLS,,Kimberly 4,KI004,419
22893,BEAR LAKE,,Dingle,8,86
22656,GEM,,04 South Emmett,04-SE,428
22915,BLAINE,,Blaine - 016,16,4
22668,ADA,,Ada - 2203,2203,888
22134,BANNOCK,,Chubbuck 58,58,276
22532,NEZ PERCE,,Nez Perce - 03,3,518
22648,NEZ PERCE,,Nez Perce - 30,30,98
22701,CANYON,,Canyon - 01,1,872
22387,MADISON,,Madison - 011,11,240
22762,NEZ PERCE,,Nez Perce - 31,31,243
22327,CASSIA,,Burley 7,107,130
22569,KOOTENAI,,Kootenai - 33,33,363
22775,MADISON,,Madison - 006,6,432
22425,POWER,,Power - 004,4,156
22714,TWIN FALLS,,Castleford,CA001,337
22368,BOISE,,Mores Creek,70,689
22492,TWIN FALLS,,Twin Falls 04,TF004,542
22309,TWIN FALLS,,Twin Falls 21,TF021,449
22282,VALLEY,,Alpha,1,214
2216,BANNOCK,,Pocatello 25,25,363
22445,NEZ PERCE,,Nez Perce - 15,15,343
22391,BANNOCK,,Pocatello 02,2,410
22846,CASSIA,,Elba,112,65
224,BONNEVILLE,,Bonneville - 49,49,590
22129,BANNOCK,,Pocatello 14,14,450
22506,BONNEVILLE,,Bonneville - 07,7,380
22647,KOOTENAI,,Kootenai - 05,5,800
22834,SHOSHONE,,Shoshone - 08,8,223
22461,BINGHAM,,Blackfoot 4,4,505
22828,OWYHEE,,Murphy,7,130
22126,IDAHO,,Grangeville 4,13,417
2274,BANNOCK,,Pocatello 24,24,363
22267,BANNOCK,,Pocatello 41,41,409
22809,LEMHI,,Iron Creek,6,123
22212,ADA,,Ada - 1808,1808,890
22504,ADA,,Ada - 2011,2011,728
22544,BONNEVILLE,,Bonneville - 21,21,530
22568,ADA,,Ada - 2202,2202,725
22533,CASSIA,,Grandview,113,228
22854,ELMORE,,Hammett,HA #1,133
22605,BONNER,,Westmond,WMND,442
22160,CANYON,,Canyon - 80,80,924
22370,CARIBOU,,Soda 3,106,223
22735,BONNER,,Priest Lake,PRLK,110
22684,BLAINE,,Blaine - 013,13,623
22779,FRANKLIN,,Weston 15,15,226
22411,KOOTENAI,,Kootenai - 60,60,315
22894,BEAR LAKE,,Liberty,12,112
22403,BONNEVILLE,,Bonneville - 22,22,384
22477,POWER,,Power - 005,5,62
22182,ADA,,Ada - 1910,1910,1181
2213,BONNEVILLE,,Bonneville - 03,3,398
22373,MADISON,,Madison - 019,19,323
22470,CANYON,,Canyon - 40,40,734
2287,LATAH,,Moscow 16,16MOS,443
22671,CANYON,,Canyon - 32,32,461
22550,KOOTENAI,,Kootenai - 19,19,651
22121,BONNER,,Clark Fork,CKFK,359
22857,KOOTENAI,,Kootenai - 64,64,352
22493,CANYON,,Canyon - 53,53,731
22644,BOUNDARY,,Copeland,2,312
22813,FRANKLIN,,Thatcher 13,13,68
22922,CLARK,,Clark - 002,2,65
2228,ADA,,Ada - 2108,2108,631
2221,BANNOCK,,Pocatello 12,12,414
22361,TWIN FALLS,,Twin Falls 16,TF016,440
222,ADA,,Ada - 1911,1911,811
2293,ADA,,Ada - 1807,1807,1079
22853,OWYHEE,,Pleasant Valley,5,37
22254,JEFFERSON,,Menan,9,379
22339,BEAR LAKE,,Montpelier 2,2,227
22844,FRANKLIN,,Franklin 10,10,279
22296,LATAH,,Moscow 13,13MOS,337
22111,KOOTENAI,,Kootenai - 57,57,452
22241,PAYETTE,,Payette - 002,2,1003
22555,BONNER,,Sagle,SAGL,641
22410,KOOTENAI,,Kootenai - 54,54,587
2232,ADA,,Ada - 1603,1603,1274
22576,BENEWAH,,Plummer,6,481
22201,GOODING,,4 Wendell City,P4,560
22127,ADA,,Ada - 1815,1815,923
22578,KOOTENAI,,Kootenai - 43,43,669
22739,VALLEY,,Donnelly,3,50
22856,FRANKLIN,,Fairview 9,9,207
22423,BONNEVILLE,,Bonneville - 16,16,531
22453,TWIN FALLS,,Hollister,HO001,315
22259,JEFFERSON,,Terreton,17,256
22124,TWIN FALLS,,Twin Falls 03,TF003,540
22349,CASSIA,,Burley 3,103,346
22106,KOOTENAI,,Kootenai - 08,8,869
22364,CANYON,,Canyon - 41,41,994
22680,KOOTENAI,,Kootenai - 07,7,907
22557,BOUNDARY,,North Bonners Ferry,6,620
22561,ADA,,Ada - 2208,2208,926
22112,KOOTENAI,,Kootenai - 45,45,652
2227,ADA,,Ada - 1611,1611,818
22204,ELMORE,,Mt. Home #3,MH #3,557
22750,CANYON,,Canyon - 26,26,780
22646,KOOTENAI,,Kootenai - 67,67,279
22887,SHOSHONE,,Shoshone - 07,7,55
22804,IDAHO,,Pollock,21,213
2265,LATAH,,Moscow 02,02MOS,565
22772,MADISON,,Madison - 001,1,161
22545,KOOTENAI,,Kootenai - 59,59,402
22751,FRANKLIN,,Preston 5,5,239
22422,POWER,,Power - 006,6,188
22849,KOOTENAI,,Kootenai - 63,63,547
22598,WASHINGTON,,Weiser,4,316
22443,ADA,,Ada - 2116,2116,627
22611,ADA,,Ada - 2106,2106,913
22781,FREMONT,,Fremont - 012,12,208
22147,GEM,,03 Butteview,03-BV,460
22608,WASHINGTON,,Midvale,7,255
22334,BANNOCK,,Chubbuck 51,51,465
22678,NEZ PERCE,,Nez Perce - 12,12,240
22399,LATAH,,Moscow 08,08MOS,139
22890,BEAR LAKE,,Bennington,5,84
22178,CANYON,,Canyon - 12,12,832
22223,GEM,,06 Emerson,06-EM,512
22869,CASSIA,,Almo,109,60
22827,VALLEY,,Yellow Pine,8,39
22833,CLEARWATER,,Orofino 4,4,230
22310,BONNEVILLE,,Bonneville - 26,26,459
22312,BANNOCK,,Pocatello 21,21,387
22871,SHOSHONE,,Shoshone - 10,10,432
22784,JEFFERSON,,Hamer,5,138
22247,GOODING,,3 Gooding Rural,P3,788
22452,BANNOCK,,Chubbuck 59,59,298
22837,SHOSHONE,,Shoshone - 05,5,571
22350,TWIN FALLS,,Kimberly 1,KI001,405
22513,BLAINE,,Blaine - 002,2,620
22879,IDAHO,,Stites,24,186
22807,CUSTER,,Custer - 003,3,308
22916,SHOSHONE,,Shoshone - 12,12,24
22529,BINGHAM,,Jamestown 10,10,389
22169,LATAH,,Moscow 14,14MOS,498
22471,CASSIA,,Burley 6,106,481
2262,ADA,,Ada - 1918,1918,1082
22901,BENEWAH,,Tensed,10,243
22372,MADISON,,Madison - 014,14,314
22861,KOOTENAI,,Kootenai - 24,24,449
2275,BANNOCK,,Pocatello 32,32,238
22705,OWYHEE,,S Marsing,4,364
22398,ADA,,Ada - 1816,1816,517
22114,LEMHI,,Salmon,1,720
22136,BINGHAM,,Blackfoot 2,2,308
22832,BUTTE,,Howe,4,98
22245,TWIN FALLS,,Twin Falls 19,TF019,376
22686,OWYHEE,,N Marsing,3,362
22362,BANNOCK,,Chubbuck 52,52,316
22531,ADA,,Ada - 1408,1408,800
22278,ADA,,Ada - 2207,2207,764
22406,CLEARWATER,,Weippe,9,316
22904,BEAR LAKE,,Fish Haven,9,105
22823,BLAINE,,Blaine - 014,14,263
22585,KOOTENAI,,Kootenai - 36,36,369
22763,WASHINGTON,,Sunnyside,10,247
22462,NEZ PERCE,,Nez Perce - 08,8,510
22726,CAMAS,,Camas - 02,2,248
22295,LATAH,,Moscow 09,09MOS,393
22829,NEZ PERCE,,Nez Perce - 29,29,138
22446,MADISON,,Madison - 018,18,356
22845,LINCOLN,,6 Kimama,6,13
22553,WASHINGTON,,Cambridge,8,312
22488,JEROME,,Falls City,4,266
22330,TWIN FALLS,,Filer 1,FI001,503
22613,BONNER,,Edgemere,EDGM,581
22558,BLAINE,,Blaine - 004,4,685
22393,BANNOCK,,Chubbuck 50,50,482
22718,LINCOLN,,5 Dietrich,5,181
22670,CANYON,,Canyon - 33,33,381
22304,BANNOCK,,Pocatello 04,4,556
22760,JEFFERSON,,Garfield,3,694
22176,ADA,,Ada - 2104,2104,750
22251,ADA,,Ada - 1406,1406,768
22358,BANNOCK,,Pocatello 19,19,278
22253,ADA,,Ada - 1403,1403,227
22631,KOOTENAI,,Kootenai - 55,55,479
22459,CANYON,,Canyon - 16,16,1035
22228,ADA,,Ada - 1602,1602,1024
2245,BANNOCK,,Pocatello 42,42,342
22280,CANYON,,Canyon - 75,75,736
22574,BENEWAH,,St. Maries,9,521
22708,BLAINE,,Blaine - 006,6,271
22384,LATAH,,Moscow 05,05MOS,424
22118,NEZ PERCE,,Nez Perce - 02,2,433
22316,BONNEVILLE,,Bonneville - 09,9,508
22336,BONNEVILLE,,Bonneville - 05,5,569
22431,JEFFERSON,,Roberts,16,303
22173,ADA,,Ada - 1907,1907,887
22777,MADISON,,Madison - 017,17,137
22392,ONEIDA,,Oneida - 002,2,318
22891,BEAR LAKE,,Bern,6,45
22382,ADA,,Ada - 2102,2102,875
22383,BONNEVILLE,,Bonneville - 06,6,602
22559,BONNEVILLE,,Bonneville - 44,44,499
22733,BLAINE,,Blaine - 003,3,606
22756,IDAHO,,Harpster,15,151
22918,BENEWAH,,St. Joe,8,27
22689,CANYON,,Canyon - 28,28,491
22534,BONNEVILLE,,Bonneville - 50,50,512
22146,NEZ PERCE,,Nez Perce - 17,17,458
2244,ELMORE,,Mt. Home #8,MH #8,820
22165,ADA,,Ada - 1505,1505,672
22273,ADA,,Ada - 1510,1510,748
22269,ADA,,Ada - 2012,2012,775
22821,BONNER,,Priest River West City,PRWC,185
22815,MINIDOKA,,Rupert #2,8,412
22745,ELMORE,,Glenns Ferry,GF #1,467
22606,BONNER,,Dover,DOVR,221
22752,ELMORE,,Prairie,PR #1,38
22107,TWIN FALLS,,Buhl 1,BU001,366
22340,TWIN FALLS,,Hansen,HA001,487
22597,ADAMS,,Adams - 002,2,325
22122,NEZ PERCE,,Nez Perce - 10,10,311
22202,ADA,,Ada - 1407,1407,666
2251,ADA,,Ada - 2211,2211,727
22687,ADA,,Ada - 1804,1804,105
2240,BOISE,,Garden Valley,30,728
22565,CASSIA,,Jackson,115,119
22580,KOOTENAI,,Kootenai - 56,56,425
22782,JEFFERSON,,Lorenzo,8,138
22157,ADA,,Ada - 1411,1411,815
2256,ADA,,Ada - 1506,1506,783
22867,BONNER,,Careywood,CARW,343
22175,LATAH,,Moscow 18,18MOS,447
22736,ELMORE,,Mayfield,MF #1,110
22761,BONNEVILLE,,Bonneville - 58,58,443
22663,NEZ PERCE,,Nez Perce - 11,11,490
22900,LEWIS,,Reubens,6,25
22860,SHOSHONE,,Shoshone - 09,9,667
22908,ONEIDA,,Oneida - 005,5,60
22527,BLAINE,,Blaine - 005,5,540
22439,TWIN FALLS,,Twin Falls 13,TF013,499
22206,ADA,,Ada - 2112,2112,956
22865,KOOTENAI,,Kootenai - 12,12,300
22535,BINGHAM,,Fort Hall 20,20,362
22298,KOOTENAI,,Kootenai - 50,50,436
22347,TWIN FALLS,,Twin Falls 02,TF002,554
22458,ADA,,Ada - 1419,1419,710
22811,KOOTENAI,,Kootenai - 13,13,306
2230,ADA,,Ada - 1614,1614,852
2224,OWYHEE,,S Homedale,2,506
22636,BOUNDARY,,Bonners Ferry/Kootenai,1,529
22333,BONNEVILLE,,Bonneville - 59,59,453
2291,ADA,,Ada - 1813,1813,807
22438,ADA,,Ada - 2010,2010,778
22307,BINGHAM,,Shelley 14,14,511
22679,CLEARWATER,,Grangemont,14,59
22863,KOOTENAI,,Kootenai - 11,11,582
22265,ADA,,Ada - 2004,2004,787
22906,IDAHO,,Fenn,6,82
22582,FRANKLIN,,Preston 1,1,248
22746,MINIDOKA,,Rupert #3,9,272
22300,BANNOCK,,Pocatello 05,5,426
22132,JEFFERSON,,Rigby 1,11,323
22214,WASHINGTON,,West Weiser,2,262
2269,BONNER,,Sandpoint,SDPT,549
22388,BANNOCK,,Pocatello 40,40,255
22367,CANYON,,Canyon - 49,49,612
22881,IDAHO,,Lowell,20,64
22523,CLARK,,Clark - 003,3,71
22454,KOOTENAI,,Kootenai - 42,42,689
22444,FREMONT,,Fremont - 011,11,284
22640,KOOTENAI,,Kootenai - 14,14,652
22248,BINGHAM,,Blackfoot 1,1,539
22724,CASSIA,,Malta,116,167
22408,LATAH,,Moscow 15,15MOS,415
22635,KOOTENAI,,Kootenai - 30,30,707
2252,CANYON,,Canyon - 14,14,884
22530,TWIN FALLS,,Buhl 3,BU003,363
22803,KOOTENAI,,Kootenai - 48,48,477
22719,LEMHI,,Lemhi,8,153
223,JEFFERSON,,Rigby 4,14,519
22287,FRANKLIN,,Mapleton 11,11,139
22306,BINGHAM,,Riverside 17,17,448
2263,TWIN FALLS,,Twin Falls 22,TF022,443
2290,BONNEVILLE,,Bonneville - 57,57,628
22325,BINGHAM,,Firth 8,8,491
22305,BINGHAM,,Pingree 18,18,286
2271,ELMORE,,Mt. Home #7,MH #7,475
22826,LATAH,,Palouse 26,26PAL,153
2259,BONNEVILLE,,Bonneville - 27,27,550
2250,ADA,,Ada - 1704,1704,675
22149,POWER,,Power - 002,2,478
22540,FREMONT,,Fremont - 004,4,258
22225,FRANKLIN,,Dayton 8,8,224
22814,FRANKLIN,,Preston 2,2,289
22768,MADISON,,Madison - 003,3,479
22657,TWIN FALLS,,Murtaugh,MU001,205
22227,ADA,,Ada - 2110,2110,295
22754,LATAH,,Moscow 01,01MOS,78
226,BANNOCK,,Pocatello 38,38,362
22759,JEFFERSON,,Rigby 2,12,249
22566,CASSIA,,View,125,116
22601,LATAH,,Juliaetta 23,23JUL,229
22283,CANYON,,Canyon - 72,72,676
22436,BONNEVILLE,,Bonneville - 25,25,424
22210,ADA,,Ada - 2113,2113,631
22740,LEWIS,,W Kamiah,2,343
22394,BINGHAM,,Blackfoot 23,23,248
22872,BONNER,,Kelso,KELS,84
22155,ADA,,Ada - 1605,1605,840
22728,WASHINGTON,,East Weiser,6,180
2261,ELMORE,,Mt. Home #5,MH #5,543
22233,ADA,,Ada - 1601,1601,1099
22402,TWIN FALLS,,Twin Falls 11,TF011,463
22698,GEM,,12 Sweet-Montour,12-SW,260
22650,NEZ PERCE,,Nez Perce - 27,27,129
22501,CASSIA,,Starrahs Ferry,122,535
22385,ADA,,Ada - 1920,1920,386
22218,ADA,,Ada - 1413,1413,707
22315,JEFFERSON,,Rigby 3,13,1015
2294,ADA,,Ada - 1812,1812,841
22767,TETON,,Teton - 003,3,272
22625,BONNER,,Laclede,LACL,226
22200,ADA,,Ada - 1702,1702,843
22464,TWIN FALLS,,Twin Falls 14,TF014,527
22318,KOOTENAI,,Kootenai - 53,53,576
2212,CANYON,,Canyon - 60,60,854
22441,BANNOCK,,Chubbuck 56,56,483
22924,CLEARWATER,,Headquarters,10,13
22166,JEROME,,Southwest,10,553
22774,FREMONT,,Fremont - 002,2,293
22328,JEROME,,Southeast,9,274
22187,BANNOCK,,Pocatello 28,28,509
22769,LEMHI,,Junction,9,111
22264,BONNEVILLE,,Bonneville - 10,10,439
22910,SHOSHONE,,Shoshone - 13,13,25
22655,PAYETTE,,Payette - 007,7,149
221,BONNEVILLE,,Bonneville - 23,23,553
22505,BEAR LAKE,,Georgetown,11,214
22209,CANYON,,Canyon - 31,31,738
22852,SHOSHONE,,Shoshone - 04,4,187
22567,CANYON,,Canyon - 19,19,619
2267,IDAHO,,Glover,9,93
22637,NEZ PERCE,,Nez Perce - 06,6,527
22420,TWIN FALLS,,Twin Falls 25,TF025,398
22320,JEROME,,Bishop-Court,1,437
22274,ADA,,Ada - 1511,1511,627
22642,SHOSHONE,,Shoshone - 06,6,852
22277,ADA,,Ada - 2008,2008,1138
22418,BINGHAM,,Abserdeen 15,15,480
22448,PAYETTE,,Payette - 006,6,682
22433,BONNEVILLE,,Bonneville - 51,51,470
22268,CASSIA,,Burley 2,102,194
22199,CANYON,,Canyon - 02,2,358
22500,ADA,,Ada - 1814,1814,855
22850,NEZ PERCE,,Nez Perce - 05,5,328
22512,BEAR LAKE,,Montpelier 1,1,280
2253,CANYON,,Canyon - 18,18,481
22193,ADA,,Ada - 1615,1615,1026
22374,MADISON,,Madison - 015,15,452
22395,CANYON,,Canyon - 17,17,722
22131,TWIN FALLS,,Twin Falls 09,TF009,634
22699,GEM,,13 Ola,13-OL,65
2286,NEZ PERCE,,Nez Perce - 14,14,410
22564,LATAH,,Moscow 12,12MOS,508
22764,CASSIA,,Heglar-Yale,114,48
22720,CASSIA,,Springdale,121,295
22303,BANNOCK,,Pocatello 36,36,457
22281,ADA,,Ada - 1604,1604,758
22226,LATAH,,Moscow 07,07MOS,601
22288,BANNOCK,,Lava Hot Springs 64,64,369
22618,BONNER,,Airport,AIRP,477
2278,WASHINGTON,,Mineral,11,208
22747,LATAH,,Princeton 28,28PRI,220
22749,IDAHO,,Elk City,5,197
2226,ADA,,Ada - 2114,2114,992
22243,ADA,,Ada - 1709,1709,781
22819,CLEARWATER,,Pierce,12,214
22591,NEZ PERCE,,Nez Perce - 21,21,528
22757,LEWIS,,Craigmont,4,233
22690,ELMORE,,Mt. Home #1,MH #1,467
22437,JEFFERSON,,Lewisville,7,343
22263,GOODING,,7 Hagerman,P7,698
22610,BONNEVILLE,,Bonneville - 39,39,402
22115,ADA,,Ada - 1508,1508,806
2298,LATAH,,Moscow 11,11MOS,490
2257,BONNEVILLE,,Bonneville - 15,15,642
22541,BONNEVILLE,,Bonneville - 20,20,524
22603,CASSIA,,Albion,108,186
22159,ADA,,Ada - 2109,2109,793
22130,TWIN FALLS,,Twin Falls 18,TF018,463
22335,TWIN FALLS,,Twin Falls 05,TF005,453
22697,BONNEVILLE,,Bonneville - 53,53,627
22485,CARIBOU,,Soda 4,207,202
22758,BINGHAM,,Firth 7,7,512
22497,FREMONT,,Fremont - 005,5,233
22619,BONNER,,Cocolalla,COLA,234
22590,SHOSHONE,,Shoshone - 11,11,55
22503,BANNOCK,,Arimo 61,61,257
22329,BANNOCK,,Pocatello 43,43,538
22108,ADA,,Ada - 1805,1805,1242
2219,GEM,,02 North Emmett,02-NE,308
22148,BOISE,,Horseshoe Bend,40,543
22499,TWIN FALLS,,Filer 3,FI003,441
22622,BOUNDARY,,Naples,5,593
22806,IDAHO,,Slate Creek,23,75
2273,LATAH,,Troy 29,29TRO,634
22396,CARIBOU,,Soda 2,205,343
22341,BEAR LAKE,,Montpelier 3,3,256
22271,ADA,,Ada - 1803,1803,628
22456,BANNOCK,,Inkom 63,63,362
22496,BONNER,,Humbird,HUMB,580
2229,ADA,,Ada - 1712,1712,689
22630,KOOTENAI,,Kootenai - 46,46,802
22475,KOOTENAI,,Kootenai - 06,6,823
22536,TETON,,Teton - 001,1,526
22892,BEAR LAKE,,Geneva,10,41
22150,ADA,,Ada - 2115,2115,989
22847,KOOTENAI,,Kootenai - 15,15,721
22460,KOOTENAI,,Kootenai - 16,16,770
22478,CARIBOU,,Bancroft,3,245
22797,LINCOLN,,2 Shoshone,2,250
22293,LATAH,,Moscow 10,10MOS,445
22538,KOOTENAI,,Kootenai - 23,23,632
22359,MADISON,,Madison - 007,7,556
22517,ADA,,Ada - 2103,2103,591
22489,BONNEVILLE,,Bonneville - 43,43,584
22722,CUSTER,,Custer - 009,9,100
22548,TWIN FALLS,,Buhl 2,BU002,453
22665,NEZ PERCE,,Nez Perce - 24,24,386
22101,CANYON,,Canyon - 77,77,822
22257,ADA,,Ada - 1714,1714,957
22643,KOOTENAI,,Kootenai - 22,22,724
22242,JEROME,,Canyonside,2,877
22641,KOOTENAI,,Kootenai - 25,25,814
2249,ADA,,Ada - 1402,1402,561
2295,ADA,,Ada - 1915,1915,914
22237,BOUNDARY,,Valley View,7,515
22231,ADA,,Ada - 2201,2201,712
22260,ADA,,Ada - 1512,1512,636
2292,ADA,,Ada - 1706,1706,1020
22314,BONNEVILLE,,Bonneville - 11,11,448
22855,CARIBOU,,Freedom,10,33
2225,ADA,,Ada - 1801,1801,670
22152,CANYON,,Canyon - 78,78,1079
22275,JEFFERSON,,Clark,2,468
22898,LATAH,,Harvard 22,22HAR,119
22299,KOOTENAI,,Kootenai - 62,62,381
2277,BANNOCK,,Pocatello 06,6,506
2210,ADA,,Ada - 1503,1503,713
22481,TWIN FALLS,,Twin Falls 23,TF023,417
22184,CANYON,,Canyon - 10,10,889
22365,BINGHAM,,Groveland 22,22,295
22355,BINGHAM,,Shelley 13,13,514
22822,BINGHAM,,Riverside 24,24,233
22258,CANYON,,Canyon - 30,30,598
2246,BANNOCK,,Pocatello 26,26,437
22902,IDAHO,,Big Butte,1,35
22205,ADA,,Ada - 2204,2204,917
22442,CANYON,,Canyon - 51,51,671
22405,CANYON,,Canyon - 56,56,700
22704,LATAH,,Potlatch 27,27POT,453
22596,ADAMS,,Adams - 003,3,419
22413,BANNOCK,,Pocatello 15,15,385
22494,BANNOCK,,Swan Lake 68,68,36
22186,WASHINGTON,,Middle Weiser,5,239
22386,MADISON,,Madison - 010,10,235
22848,BEAR LAKE,,Bailey Creek,16,41
22133,KOOTENAI,,Kootenai - 34,34,733
22109,KOOTENAI,,Kootenai - 38,38,732
22917,LEMHI,,Mineral Hill,5,26
22419,BANNOCK,,Pocatello 35,35,387
22221,JEFFERSON,,Annis,1,160
22730,NEZ PERCE,,Nez Perce - 07,7,313
22338,BINGHAM,,Moreland 25,25,320
22276,CANYON,,Canyon - 81,81,948
22416,ADA,,Ada - 1415,1415,652
22519,TETON,,Teton - 002,2,434
22810,BUTTE,,Moore,3,290
22389,TWIN FALLS,,Twin Falls 06,TF006,407
22255,CANYON,,Canyon - 74,74,635
22518,MINIDOKA,,Heyburn #1,3,469
22620,BONNER,,Oden,ODEN,250
22516,BINGHAM,,Shelley West 21,21,493
22884,LEMHI,,North Fork,4,185
22864,KOOTENAI,,Kootenai - 70,70,322
22609,ADAMS,,Adams - 004,4,22
22473,BINGHAM,,Rockford 12,12,361
22741,BLAINE,,Blaine - 012,12,256
22262,BUTTE,,Arco 1,1,309
22667,ADA,,Ada - 1416,1416,692
22911,NEZ PERCE,,Nez Perce - 23,23,49
2270,NEZ PERCE,,Nez Perce - 18,18,363
22734,BOISE,,Idaho City,50,422
22556,ADA,,Ada - 2212,2212,622
22167,NEZ PERCE,,Nez Perce - 13,13,378
22753,BOISE,,Placerville,80,145
2247,BANNOCK,,Pocatello 23,23,398
2260,BANNOCK,,Chubbuck 53,53,583
2211,ADA,,Ada - 1502,1502,922
22802,WASHINGTON,,Eaton Hale,1,298
22621,KOOTENAI,,Kootenai - 61,61,789
22234,KOOTENAI,,Kootenai - 26,26,402
22236,ADA,,Ada - 1504,1504,1124
22858,KOOTENAI,,Kootenai - 27,27,402
22301,CARIBOU,,Soda 1,104,386
22164,NEZ PERCE,,Nez Perce - 01,1,414
2276,BANNOCK,,Pocatello 31,31,375
22138,ADA,,Ada - 1501,1501,983
22835,IDAHO,,Joseph,16,14
22851,SHOSHONE,,Shoshone - 03,3,448
22524,ADA,,Ada - 2206,2206,729
22639,KOOTENAI,,Kootenai - 04,4,483
22674,CLEARWATER,,Orofino 3,3,377
22571,ONEIDA,,Oneida - 001,1,374
22633,KOOTENAI,,Kootenai - 44,44,450
22563,ADA,,Ada - 1409,1409,695
22181,CANYON,,Canyon - 13,13,826
22790,OWYHEE,,Oreana,8,68
22521,CANYON,,Canyon - 43,43,264
22189,CANYON,,Canyon - 61,61,854
2218,GEM,,08 Letha,08-LT,428
2296,ADA,,Ada - 1507,1507,837
22780,JEFFERSON,,Labelle,6,325
22766,CARIBOU,,Wayan,9,21
22203,ADA,,Ada - 1901,1901,774
22229,ADA,,Ada - 2101,2101,1048
22921,LATAH,,Farmington 20,20FAR,14
22378,TWIN FALLS,,Twin Falls 20,TF020,501
22789,FREMONT,,Fremont - 003,3,216
22899,CUSTER,,Custer - 008,8,30
22480,ADA,,Ada - 2002,2002,1172
22696,BONNEVILLE,,Bonneville - 47,47,502
22573,BENEWAH,,Townsite,11,408
22482,CARIBOU,,Grace 1,1,374
22285,ADA,,Ada - 1509,1509,1250
22105,ADA,,Ada - 1513,1513,648
22748,BOISE,,Lowman,60,107
22224,ADA,,Ada - 2107,2107,617
22817,CLEARWATER,,Fraser,6,53
22666,ADA,,Ada - 1412,1412,261
22652,PAYETTE,,Payette - 009,9,580
22360,TWIN FALLS,,Buhl 5,BU005,393
22366,BINGHAM,,Springfield/Sterling 16,16,188
22547,PAYETTE,,Payette - 001,1,527
22284,ADA,,Ada - 2007,2007,870
22743,CANYON,,Canyon - 34,34,311
22886,BENEWAH,,Fernwood,5,184
2281,ADA,,Ada - 1606,1606,823
2299,ADA,,Ada - 1610,1610,1042
22880,IDAHO,,Keuterville,18,92
22363,BONNEVILLE,,Bonneville - 45,45,492
22731,TWIN FALLS,,Buhl 4,BU004,384
22337,BANNOCK,,Chubbuck 60,60,64
22428,MADISON,,Madison - 009,9,758
22629,KOOTENAI,,Kootenai - 09,9,839
22486,MADISON,,Madison - 008,8,350
22220,JEFFERSON,,Ririe,15,441
22791,CLEARWATER,,Orofino 5,5,366
22923,BONNEVILLE,,Bonneville - 56,56,24
22796,BUTTE,,Arco 2,2,196
22551,BOUNDARY,,Moyie,4,759
2214,ADA,,Ada - 1711,1711,703
22380,JEFFERSON,,Monteview,10,120
22688,GEM,,10 Brick,10-BK,307
2220,BONNER,,Blue Lake,BLUE,217
2241,BINGHAM,,Groveland 9,9,554
22914,CASSIA,,Sublett,123,19
22311,BINGHAM,,Blackfoot 6,6,470
22843,CUSTER,,Custer - 007,7,66
22195,ADA,,Ada - 1705,1705,806
22672,ADA,,Ada - 2013,2013,680
22502,CARIBOU,,Grace 2,2,214
2255,BONNEVILLE,,Bonneville - 01,1,563
22400,ADA,,Ada - 1514,1514,568
22682,VALLEY,,Payette,5,501
22249,CANYON,,Canyon - 08,8,598
22818,CLEARWATER,,Orofino 1,1,355
22404,CANYON,,Canyon - 54,54,751
22163,IDAHO,,Kooskia,19,625
22272,BONNEVILLE,,Bonneville - 40,40,488
22222,TWIN FALLS,,Twin Falls 17,TF017,505
22153,ADA,,Ada - 1811,1811,754
22616,BONNER,,Colburn,COLB,561
22888,LEWIS,,Mohler,7,25
22675,CLEARWATER,,Teakean,8,105
22587,BONNER,,Washington,WASH,789
22669,GEM,,07 Lincoln,07-LN,441
22290,CANYON,,Canyon - 35,35,629
22885,CUSTER,,Custer - 004,4,190
2288,ADA,,Ada - 1715,1715,1053
22302,BINGHAM,,Moreland 11,11,289
228,BANNOCK,,Pocatello 11,11,466
22230,GOODING,,5 Wendell Rural,P5,484
22219,ADA,,Ada - 2111,2111,837
22465,TWIN FALLS,,Twin Falls 15,TF015,343
22607,ADAMS,,Adams - 001,1,114
22831,ADA,,Ada - 2213,2213,56
22820,BONNER,,West Priest River Bench,WPRB,206
2236,ADA,,Ada - 1703,1703,891
22870,CASSIA,,Oakley 1,117,160
22345,BONNEVILLE,,Bonneville - 41,41,608
22727,BLAINE,,Blaine - 015,15,230
22252,ADA,,Ada - 1414,1414,1084
22583,BENEWAH,,Emida,4,126
22659,ADA,,Ada - 2214,2214,549
2238,PAYETTE,,Payette - 003,3,505
22543,BONNER,,Oldtown,OLDT,614
22154,ADA,,Ada - 1707,1707,693
22430,TWIN FALLS,,Filer 2,FI002,397
22429,FRANKLIN,,Worm Creek,17,124
22125,ADA,,Ada - 1410,1410,764
22168,IDAHO,,Clearwater,2,163
22246,JEROME,,Shepherd - View,8,570
22143,ADA,,Ada - 1609,1609,754
22495,CUSTER,,Custer - 005,5,206
22491,ELMORE,,Mt. Home #4,MH #4,488
2235,ADA,,Ada - 1810,1810,695
22110,FREMONT,,Fremont - 009,9,225
22912,IDAHO,,Idaho - 027,27,23
22103,ADA,,Ada - 1818,1818,819
22874,BENEWAH,,Benewah,1,109
22244,TWIN FALLS,,Twin Falls 24,TF024,371
22256,ADA,,Ada - 2009,2009,1381
22651,NEZ PERCE,,Nez Perce - 20,20,480
22196,ADA,,Ada - 2209,2209,733
22600,ADAMS,,Adams - 005,5,526
22142,ADA,,Ada - 1806,1806,858
22332,BINGHAM,,Blackfoot 3,3,487
22371,BONNEVILLE,,Bonneville - 08,8,485
22116,ADA,,Ada - 1909,1909,874
2239,ADA,,Ada - 1914,1914,800
22100,CANYON,,Canyon - 73,73,952
22920,LEWIS,,Slickpoo,8,4
22141,KOOTENAI,,Kootenai - 17,17,462
22190,CANYON,,Canyon - 50,50,577
22292,KOOTENAI,,Kootenai - 41,41,574
22162,BONNEVILLE,,Bonneville - 52,52,680
22313,GOODING,,6 Bliss,P6,186
22588,KOOTENAI,,Kootenai - 68,68,443
22594,CUSTER,,Custer - 001,1,382
22677,LATAH,,Linden 25,25LIN,40
22409,CUSTER,,Custer - 011,11,152
22862,BEAR LAKE,,Paris,13,171
22450,KOOTENAI,,Kootenai - 39,39,1050
22192,ADA,,Ada - 1710,1710,550
22626,KOOTENAI,,Kootenai - 37,37,457
22123,CANYON,,Canyon - 55,55,787
22353,BINGHAM,,Wapello 19,19,225
22825,IDAHO,,Grangeville 3,12,286
22161,IDAHO,,Woodland,26,109
22634,IDAHO,,Ferdinand,7,125
22895,FRANKLIN,,Mink Creek 12,12,82
22693,ADA,,Ada - 2205,2205,402
